Marker type	Gene	Protein chain	Amino acid position	Marker ID	Position (hg19)	Allele 1 (A1)	Allele 2 (A2)
Amino acid position	HLA-A	HLA-A	9	AA_A_9_30018537_F	29910558	Phe present	Phe absent
Amino acid position	HLA-A	HLA-A	9	AA_A_9_30018537_FS	29910558	Phe/Ser present	Phe/Ser absent
Amino acid position	HLA-A	HLA-A	9	AA_A_9_30018537_FT	29910558	Phe/Thr present	Phe/Thr absent
Amino acid position	HLA-A	HLA-A	9	AA_A_9_30018537_FY	29910558	Phe/Tyr present	Phe/Tyr absent
Amino acid position	HLA-A	HLA-A	9	AA_A_9_30018537_S	29910558	Ser present	Ser absent
Amino acid position	HLA-A	HLA-A	9	AA_A_9_30018537_T	29910558	Thr present	Thr absent
Amino acid position	HLA-A	HLA-A	9	AA_A_9_30018537_Y	29910558	Tyr present	Tyr absent
Amino acid position	HLA-A	HLA-A	12	AA_A_12_30018546	29910567	Met	Val
Amino acid position	HLA-A	HLA-A	17	AA_A_17_30018561	29910582	Ser	Arg
Amino acid position	HLA-A	HLA-A	19	AA_A_19_30018567	29910588	Lys	Glu
Amino acid position	HLA-A	HLA-A	31	AA_A_31_30018603	29910624	Ser	Thr
Amino acid position	HLA-A	HLA-A	35	AA_A_35_30018615	29910636	Gln	Arg
Amino acid position	HLA-A	HLA-A	43	AA_A_43_30018639	29910660	Arg	Gln
Amino acid position	HLA-A	HLA-A	44	AA_A_44_30018642	29910663	Lys	Arg
Amino acid position	HLA-A	HLA-A	56	AA_A_56_30018678_E	29910699	Glu present	Glu absent
Amino acid position	HLA-A	HLA-A	56	AA_A_56_30018678_G	29910699	Gly present	Gly absent
Amino acid position	HLA-A	HLA-A	56	AA_A_56_30018678_R	29910699	Arg present	Arg absent
Amino acid position	HLA-A	HLA-A	62	AA_A_62_30018696_E	29910717	Glu present	Glu absent
Amino acid position	HLA-A	HLA-A	62	AA_A_62_30018696_EL	29910717	Glu/Leu present	Glu/Leu absent
Amino acid position	HLA-A	HLA-A	62	AA_A_62_30018696_G	29910717	Gly present	Gly absent
Amino acid position	HLA-A	HLA-A	62	AA_A_62_30018696_GE	29910717	Gly/Glu present	Gly/Glu absent
Amino acid position	HLA-A	HLA-A	62	AA_A_62_30018696_GL	29910717	Gly/Leu present	Gly/Leu absent
Amino acid position	HLA-A	HLA-A	62	AA_A_62_30018696_GR	29910717	Gly/Arg present	Gly/Arg absent
Amino acid position	HLA-A	HLA-A	62	AA_A_62_30018696_L	29910717	Leu present	Leu absent
Amino acid position	HLA-A	HLA-A	62	AA_A_62_30018696_Q	29910717	Gln present	Gln absent
Amino acid position	HLA-A	HLA-A	62	AA_A_62_30018696_QE	29910717	Gln/Glu present	Gln/Glu absent
Amino acid position	HLA-A	HLA-A	62	AA_A_62_30018696_QG	29910717	Gln/Gly present	Gln/Gly absent
Amino acid position	HLA-A	HLA-A	62	AA_A_62_30018696_QL	29910717	Gln/Leu present	Gln/Leu absent
Amino acid position	HLA-A	HLA-A	62	AA_A_62_30018696_QR	29910717	Gln/Arg present	Gln/Arg absent
Amino acid position	HLA-A	HLA-A	62	AA_A_62_30018696_R	29910717	Arg present	Arg absent
Amino acid position	HLA-A	HLA-A	62	AA_A_62_30018696_RE	29910717	Arg/Glu present	Arg/Glu absent
Amino acid position	HLA-A	HLA-A	62	AA_A_62_30018696_RL	29910717	Arg/Leu present	Arg/Leu absent
Amino acid position	HLA-A	HLA-A	63	AA_A_63_30018699_E	29910720	Glu present	Glu absent
Amino acid position	HLA-A	HLA-A	63	AA_A_63_30018699_N	29910720	Asn present	Asn absent
Amino acid position	HLA-A	HLA-A	63	AA_A_63_30018699_Q	29910720	Gln present	Gln absent
Amino acid position	HLA-A	HLA-A	65	AA_A_65_30018705	29910726	Gly	Arg
Amino acid position	HLA-A	HLA-A	66	AA_A_66_30018708	29910729	Lys	Asn
Amino acid position	HLA-A	HLA-A	67	AA_A_67_30018711	29910732	Met	Val
Amino acid position	HLA-A	HLA-A	70	AA_A_70_30018720	29910741	Gln	His
Amino acid position	HLA-A	HLA-A	73	AA_A_73_30018729_I	29910750	Ile present	Ile absent
Amino acid position	HLA-A	HLA-A	73	AA_A_73_30018729_T	29910750	Thr present	Thr absent
Amino acid position	HLA-A	HLA-A	74	AA_A_74_30018732_D	29910753	Asp present	Asp absent
Amino acid position	HLA-A	HLA-A	74	AA_A_74_30018732_H	29910753	His present	His absent
Amino acid position	HLA-A	HLA-A	74	AA_A_74_30018732_N	29910753	Asn present	Asn absent
Amino acid position	HLA-A	HLA-A	76	AA_A_76_30018738_A	29910759	Ala present	Ala absent
Amino acid position	HLA-A	HLA-A	76	AA_A_76_30018738_E	29910759	Glu present	Glu absent
Amino acid position	HLA-A	HLA-A	76	AA_A_76_30018738_V	29910759	Val present	Val absent
Amino acid position	HLA-A	HLA-A	77	AA_A_77_30018741_D	29910762	Asp present	Asp absent
Amino acid position	HLA-A	HLA-A	77	AA_A_77_30018741_N	29910762	Asn present	Asn absent
Amino acid position	HLA-A	HLA-A	77	AA_A_77_30018741_S	29910762	Ser present	Ser absent
Amino acid position	HLA-A	HLA-A	79	AA_A_79_30018747	29910768	Arg	Gly
Amino acid position	HLA-A	HLA-A	80	AA_A_80_30018750	29910771	Ile	Thr
Amino acid position	HLA-A	HLA-A	81	AA_A_81_30018753	29910774	Ala	Leu
Amino acid position	HLA-A	HLA-A	82	AA_A_82_30018756	29910777	Leu	Arg
Amino acid position	HLA-A	HLA-A	83	AA_A_83_30018759	29910780	Arg	Gly
Amino acid position	HLA-A	HLA-A	90	AA_A_90_30018780	29910801	Asp	Ala
Amino acid position	HLA-A	HLA-A	95	AA_A_95_30019036_I	29911057	Ile present	Ile absent
Amino acid position	HLA-A	HLA-A	95	AA_A_95_30019036_L	29911057	Leu present	Leu absent
Amino acid position	HLA-A	HLA-A	95	AA_A_95_30019036_V	29911057	Val present	Val absent
Amino acid position	HLA-A	HLA-A	97	AA_A_97_30019042_I	29911063	Ile present	Ile absent
Amino acid position	HLA-A	HLA-A	97	AA_A_97_30019042_IK	29911063	Ile/Lys present	Ile/Lys absent
Amino acid position	HLA-A	HLA-A	97	AA_A_97_30019042_IM	29911063	Ile/Met present	Ile/Met absent
Amino acid position	HLA-A	HLA-A	97	AA_A_97_30019042_IR	29911063	Ile/Arg present	Ile/Arg absent
Amino acid position	HLA-A	HLA-A	97	AA_A_97_30019042_K	29911063	Lys present	Lys absent
Amino acid position	HLA-A	HLA-A	97	AA_A_97_30019042_M	29911063	Met present	Met absent
Amino acid position	HLA-A	HLA-A	97	AA_A_97_30019042_R	29911063	Arg present	Arg absent
Amino acid position	HLA-A	HLA-A	99	AA_A_99_30019048_C	29911069	Cys present	Cys absent
Amino acid position	HLA-A	HLA-A	99	AA_A_99_30019048_F	29911069	Phe present	Phe absent
Amino acid position	HLA-A	HLA-A	99	AA_A_99_30019048_Y	29911069	Tyr present	Tyr absent
Amino acid position	HLA-A	HLA-A	102	AA_A_102_30019057	29911078	His	Asp
Amino acid position	HLA-A	HLA-A	105	AA_A_105_30019066	29911087	Pro	Ser
Amino acid position	HLA-A	HLA-A	107	AA_A_107_30019072	29911093	Trp	Gly
Amino acid position	HLA-A	HLA-A	109	AA_A_109_30019078	29911099	Leu	Phe
Amino acid position	HLA-A	HLA-A	114	AA_A_114_30019093_E	29911114	Glu present	Glu absent
Amino acid position	HLA-A	HLA-A	114	AA_A_114_30019093_H	29911114	His present	His absent
Amino acid position	HLA-A	HLA-A	114	AA_A_114_30019093_Q	29911114	Gln present	Gln absent
Amino acid position	HLA-A	HLA-A	114	AA_A_114_30019093_R	29911114	Arg present	Arg absent
Amino acid position	HLA-A	HLA-A	114	AA_A_114_30019093_RE	29911114	Arg/Glu present	Arg/Glu absent
Amino acid position	HLA-A	HLA-A	114	AA_A_114_30019093_RH	29911114	Arg/His present	Arg/His absent
Amino acid position	HLA-A	HLA-A	114	AA_A_114_30019093_RQ	29911114	Arg/Gln present	Arg/Gln absent
Amino acid position	HLA-A	HLA-A	116	AA_A_116_30019099_D	29911120	Asp present	Asp absent
Amino acid position	HLA-A	HLA-A	116	AA_A_116_30019099_H	29911120	His present	His absent
Amino acid position	HLA-A	HLA-A	116	AA_A_116_30019099_Y	29911120	Tyr present	Tyr absent
Amino acid position	HLA-A	HLA-A	127	AA_A_127_30019132	29911153	Lys	Asn
Amino acid position	HLA-A	HLA-A	142	AA_A_142_30019177	29911198	Thr	Ile
Amino acid position	HLA-A	HLA-A	144	AA_A_144_30019183_E	29911204	Glu present	Glu absent
Amino acid position	HLA-A	HLA-A	144	AA_A_144_30019183_K	29911204	Lys present	Lys absent
Amino acid position	HLA-A	HLA-A	144	AA_A_144_30019183_Q	29911204	Gln present	Gln absent
Amino acid position	HLA-A	HLA-A	145	AA_A_145_30019186	29911207	His	Arg
Amino acid position	HLA-A	HLA-A	149	AA_A_149_30019198	29911219	Thr	Ala
Amino acid position	HLA-A	HLA-A	150	AA_A_150_30019201	29911222	Val	Ala
Amino acid position	HLA-A	HLA-A	151	AA_A_151_30019204	29911225	Arg	His
Amino acid position	HLA-A	HLA-A	152	AA_A_152_30019207_A	29911228	Ala present	Ala absent
Amino acid position	HLA-A	HLA-A	152	AA_A_152_30019207_AE	29911228	Ala/Glu present	Ala/Glu absent
Amino acid position	HLA-A	HLA-A	152	AA_A_152_30019207_AR	29911228	Ala/Arg present	Ala/Arg absent
Amino acid position	HLA-A	HLA-A	152	AA_A_152_30019207_AV	29911228	Ala/Val present	Ala/Val absent
Amino acid position	HLA-A	HLA-A	152	AA_A_152_30019207_AW	29911228	Ala/Trp present	Ala/Trp absent
Amino acid position	HLA-A	HLA-A	152	AA_A_152_30019207_E	29911228	Glu present	Glu absent
Amino acid position	HLA-A	HLA-A	152	AA_A_152_30019207_ER	29911228	Glu/Arg present	Glu/Arg absent
Amino acid position	HLA-A	HLA-A	152	AA_A_152_30019207_EV	29911228	Glu/Val present	Glu/Val absent
Amino acid position	HLA-A	HLA-A	152	AA_A_152_30019207_EW	29911228	Glu/Trp present	Glu/Trp absent
Amino acid position	HLA-A	HLA-A	152	AA_A_152_30019207_R	29911228	Arg present	Arg absent
Amino acid position	HLA-A	HLA-A	152	AA_A_152_30019207_V	29911228	Val present	Val absent
Amino acid position	HLA-A	HLA-A	152	AA_A_152_30019207_VR	29911228	Val/Arg present	Val/Arg absent
Amino acid position	HLA-A	HLA-A	152	AA_A_152_30019207_VW	29911228	Val/Trp present	Val/Trp absent
Amino acid position	HLA-A	HLA-A	152	AA_A_152_30019207_W	29911228	Trp present	Trp absent
Amino acid position	HLA-A	HLA-A	152	AA_A_152_30019207_WR	29911228	Trp/Arg present	Trp/Arg absent
Amino acid position	HLA-A	HLA-A	156	AA_A_156_30019219_L	29911240	Leu present	Leu absent
Amino acid position	HLA-A	HLA-A	156	AA_A_156_30019219_Q	29911240	Gln present	Gln absent
Amino acid position	HLA-A	HLA-A	156	AA_A_156_30019219_R	29911240	Arg present	Arg absent
Amino acid position	HLA-A	HLA-A	156	AA_A_156_30019219_RL	29911240	Arg/Leu present	Arg/Leu absent
Amino acid position	HLA-A	HLA-A	156	AA_A_156_30019219_RQ	29911240	Arg/Gln present	Arg/Gln absent
Amino acid position	HLA-A	HLA-A	156	AA_A_156_30019219_RW	29911240	Arg/Trp present	Arg/Trp absent
Amino acid position	HLA-A	HLA-A	156	AA_A_156_30019219_W	29911240	Trp present	Trp absent
Amino acid position	HLA-A	HLA-A	158	AA_A_158_30019225	29911246	Val	Ala
Amino acid position	HLA-A	HLA-A	161	AA_A_161_30019234	29911255	Asp	Glu
Amino acid position	HLA-A	HLA-A	163	AA_A_163_30019240_E	29911261	Glu present	Glu absent
Amino acid position	HLA-A	HLA-A	163	AA_A_163_30019240_R	29911261	Arg present	Arg absent
Amino acid position	HLA-A	HLA-A	163	AA_A_163_30019240_T	29911261	Thr present	Thr absent
Amino acid position	HLA-A	HLA-A	166	AA_A_166_30019249	29911270	Asp	Glu
Amino acid position	HLA-A	HLA-A	167	AA_A_167_30019252	29911273	Gly	Trp
Amino acid position	HLA-A	HLA-A	171	AA_A_171_30019264	29911285	His	Tyr
Amino acid position	HLA-A	HLA-A	184	AA_A_184_30019881_A	29911902	Ala present	Ala absent
Amino acid position	HLA-A	HLA-A	184	AA_A_184_30019881_P	29911902	Pro present	Pro absent
Amino acid position	HLA-A	HLA-A	184	AA_A_184_30019881_x	29911902	deletion present	deletion absent
Amino acid position	HLA-A	HLA-A	186	AA_A_186_30019887_K	29911908	Lys present	Lys absent
Amino acid position	HLA-A	HLA-A	186	AA_A_186_30019887_R	29911908	Arg present	Arg absent
Amino acid position	HLA-A	HLA-A	186	AA_A_186_30019887_x	29911908	deletion present	deletion absent
Amino acid position	HLA-A	HLA-A	193	AA_A_193_30019908_A	29911929	Ala present	Ala absent
Amino acid position	HLA-A	HLA-A	193	AA_A_193_30019908_P	29911929	Pro present	Pro absent
Amino acid position	HLA-A	HLA-A	193	AA_A_193_30019908_x	29911929	deletion present	deletion absent
Amino acid position	HLA-A	HLA-A	194	AA_A_194_30019911_I	29911932	Ile present	Ile absent
Amino acid position	HLA-A	HLA-A	194	AA_A_194_30019911_V	29911932	Val present	Val absent
Amino acid position	HLA-A	HLA-A	194	AA_A_194_30019911_x	29911932	deletion present	deletion absent
Amino acid position	HLA-A	HLA-A	207	AA_A_207_30019950_G	29911971	Gly present	Gly absent
Amino acid position	HLA-A	HLA-A	207	AA_A_207_30019950_S	29911971	Ser present	Ser absent
Amino acid position	HLA-A	HLA-A	207	AA_A_207_30019950_x	29911971	deletion present	deletion absent
Classical HLA allele	HLA-A			HLA_A_0101	29911991	HLA-A*01:01 present	HLA-A*01:01 absent
Classical HLA allele	HLA-A			HLA_A_0102	29911991	HLA-A*01:02 present	HLA-A*01:02 absent
Classical HLA allele	HLA-A			HLA_A_0103	29911991	HLA-A*01:03 present	HLA-A*01:03 absent
Classical HLA allele	HLA-A			HLA_A_0201	29911991	HLA-A*02:01 present	HLA-A*02:01 absent
Classical HLA allele	HLA-A			HLA_A_0202	29911991	HLA-A*02:02 present	HLA-A*02:02 absent
Classical HLA allele	HLA-A			HLA_A_0203	29911991	HLA-A*02:03 present	HLA-A*02:03 absent
Classical HLA allele	HLA-A			HLA_A_0205	29911991	HLA-A*02:05 present	HLA-A*02:05 absent
Classical HLA allele	HLA-A			HLA_A_0206	29911991	HLA-A*02:06 present	HLA-A*02:06 absent
Classical HLA allele	HLA-A			HLA_A_0207	29911991	HLA-A*02:07 present	HLA-A*02:07 absent
Classical HLA allele	HLA-A			HLA_A_0211	29911991	HLA-A*02:11 present	HLA-A*02:11 absent
Classical HLA allele	HLA-A			HLA_A_0216	29911991	HLA-A*02:16 present	HLA-A*02:16 absent
Classical HLA allele	HLA-A			HLA_A_0217	29911991	HLA-A*02:17 present	HLA-A*02:17 absent
Classical HLA allele	HLA-A			HLA_A_0301	29911991	HLA-A*03:01 present	HLA-A*03:01 absent
Classical HLA allele	HLA-A			HLA_A_0302	29911991	HLA-A*03:02 present	HLA-A*03:02 absent
Classical HLA allele	HLA-A			HLA_A_1101	29911991	HLA-A*11:01 present	HLA-A*11:01 absent
Classical HLA allele	HLA-A			HLA_A_1102	29911991	HLA-A*11:02 present	HLA-A*11:02 absent
Classical HLA allele	HLA-A			HLA_A_1103	29911991	HLA-A*11:03 present	HLA-A*11:03 absent
Classical HLA allele	HLA-A			HLA_A_1105	29911991	HLA-A*11:05 present	HLA-A*11:05 absent
Classical HLA allele	HLA-A			HLA_A_2301	29911991	HLA-A*23:01 present	HLA-A*23:01 absent
Classical HLA allele	HLA-A			HLA_A_2401	29911991	HLA-A*24:01 present	HLA-A*24:01 absent
Classical HLA allele	HLA-A			HLA_A_2402	29911991	HLA-A*24:02 present	HLA-A*24:02 absent
Classical HLA allele	HLA-A			HLA_A_2403	29911991	HLA-A*24:03 present	HLA-A*24:03 absent
Classical HLA allele	HLA-A			HLA_A_2407	29911991	HLA-A*24:07 present	HLA-A*24:07 absent
Classical HLA allele	HLA-A			HLA_A_2410	29911991	HLA-A*24:10 present	HLA-A*24:10 absent
Classical HLA allele	HLA-A			HLA_A_2501	29911991	HLA-A*25:01 present	HLA-A*25:01 absent
Classical HLA allele	HLA-A			HLA_A_2601	29911991	HLA-A*26:01 present	HLA-A*26:01 absent
Classical HLA allele	HLA-A			HLA_A_2608	29911991	HLA-A*26:08 present	HLA-A*26:08 absent
Classical HLA allele	HLA-A			HLA_A_2901	29911991	HLA-A*29:01 present	HLA-A*29:01 absent
Classical HLA allele	HLA-A			HLA_A_2902	29911991	HLA-A*29:02 present	HLA-A*29:02 absent
Classical HLA allele	HLA-A			HLA_A_3001	29911991	HLA-A*30:01 present	HLA-A*30:01 absent
Classical HLA allele	HLA-A			HLA_A_3002	29911991	HLA-A*30:02 present	HLA-A*30:02 absent
Classical HLA allele	HLA-A			HLA_A_3004	29911991	HLA-A*30:04 present	HLA-A*30:04 absent
Classical HLA allele	HLA-A			HLA_A_3101	29911991	HLA-A*31:01 present	HLA-A*31:01 absent
Classical HLA allele	HLA-A			HLA_A_3103	29911991	HLA-A*31:03 present	HLA-A*31:03 absent
Classical HLA allele	HLA-A			HLA_A_3112	29911991	HLA-A*31:12 present	HLA-A*31:12 absent
Classical HLA allele	HLA-A			HLA_A_3201	29911991	HLA-A*32:01 present	HLA-A*32:01 absent
Classical HLA allele	HLA-A			HLA_A_3301	29911991	HLA-A*33:01 present	HLA-A*33:01 absent
Classical HLA allele	HLA-A			HLA_A_3303	29911991	HLA-A*33:03 present	HLA-A*33:03 absent
Classical HLA allele	HLA-A			HLA_A_3401	29911991	HLA-A*34:01 present	HLA-A*34:01 absent
Classical HLA allele	HLA-A			HLA_A_3402	29911991	HLA-A*34:02 present	HLA-A*34:02 absent
Classical HLA allele	HLA-A			HLA_A_3601	29911991	HLA-A*36:01 present	HLA-A*36:01 absent
Classical HLA allele	HLA-A			HLA_A_3603	29911991	HLA-A*36:03 present	HLA-A*36:03 absent
Classical HLA allele	HLA-A			HLA_A_6601	29911991	HLA-A*66:01 present	HLA-A*66:01 absent
Classical HLA allele	HLA-A			HLA_A_6602	29911991	HLA-A*66:02 present	HLA-A*66:02 absent
Classical HLA allele	HLA-A			HLA_A_6801	29911991	HLA-A*68:01 present	HLA-A*68:01 absent
Classical HLA allele	HLA-A			HLA_A_6802	29911991	HLA-A*68:02 present	HLA-A*68:02 absent
Classical HLA allele	HLA-A			HLA_A_6803	29911991	HLA-A*68:03 present	HLA-A*68:03 absent
Classical HLA allele	HLA-A			HLA_A_6901	29911991	HLA-A*69:01 present	HLA-A*69:01 absent
Classical HLA allele	HLA-A			HLA_A_7401	29911991	HLA-A*74:01 present	HLA-A*74:01 absent
Classical HLA allele	HLA-A			HLA_A_8001	29911991	HLA-A*80:01 present	HLA-A*80:01 absent
Amino acid position	HLA-A	HLA-A	245	AA_A_245_30020064_A	29912085	Ala present	Ala absent
Amino acid position	HLA-A	HLA-A	245	AA_A_245_30020064_V	29912085	Val present	Val absent
Amino acid position	HLA-A	HLA-A	245	AA_A_245_30020064_x	29912085	deletion present	deletion absent
Amino acid position	HLA-A	HLA-A	246	AA_A_246_30020067_A	29912088	Ala present	Ala absent
Amino acid position	HLA-A	HLA-A	246	AA_A_246_30020067_S	29912088	Ser present	Ser absent
Amino acid position	HLA-A	HLA-A	246	AA_A_246_30020067_x	29912088	deletion present	deletion absent
Amino acid position	HLA-A	HLA-A	253	AA_A_253_30020088_E	29912109	Glu present	Glu absent
Amino acid position	HLA-A	HLA-A	253	AA_A_253_30020088_EK	29912109	Glu/Lys present	Glu/Lys absent
Amino acid position	HLA-A	HLA-A	253	AA_A_253_30020088_EQ	29912109	Glu/Gln present	Glu/Gln absent
Amino acid position	HLA-A	HLA-A	253	AA_A_253_30020088_Ex	29912109	Glu/deletion present	Glu/deletion absent
Amino acid position	HLA-A	HLA-A	253	AA_A_253_30020088_K	29912109	Lys present	Lys absent
Amino acid position	HLA-A	HLA-A	253	AA_A_253_30020088_Q	29912109	Gln present	Gln absent
Amino acid position	HLA-A	HLA-A	253	AA_A_253_30020088_x	29912109	deletion present	deletion absent
Amino acid position	HLA-A	HLA-A	255	AA_A_255_30020094_K	29912115	Lys present	Lys absent
Amino acid position	HLA-A	HLA-A	255	AA_A_255_30020094_Q	29912115	Gln present	Gln absent
Amino acid position	HLA-A	HLA-A	255	AA_A_255_30020094_x	29912115	deletion present	deletion absent
Amino acid position	HLA-A	HLA-A	268	AA_A_268_30020133_E	29912154	Glu present	Glu absent
Amino acid position	HLA-A	HLA-A	268	AA_A_268_30020133_K	29912154	Lys present	Lys absent
Amino acid position	HLA-A	HLA-A	268	AA_A_268_30020133_x	29912154	deletion present	deletion absent
Amino acid position	HLA-A	HLA-A	276	AA_A_276_30020259_L	29912280	Leu present	Leu absent
Amino acid position	HLA-A	HLA-A	276	AA_A_276_30020259_P	29912280	Pro present	Pro absent
Amino acid position	HLA-A	HLA-A	276	AA_A_276_30020259_x	29912280	deletion present	deletion absent
Amino acid position	HLA-A	HLA-A	282	AA_A_282_30020277_I	29912298	Ile present	Ile absent
Amino acid position	HLA-A	HLA-A	282	AA_A_282_30020277_V	29912298	Val present	Val absent
Amino acid position	HLA-A	HLA-A	282	AA_A_282_30020277_x	29912298	deletion present	deletion absent
Amino acid position	HLA-A	HLA-A	283	AA_A_283_30020280_H	29912301	His present	His absent
Amino acid position	HLA-A	HLA-A	283	AA_A_283_30020280_P	29912301	Pro present	Pro absent
Amino acid position	HLA-A	HLA-A	283	AA_A_283_30020280_x	29912301	deletion present	deletion absent
Amino acid position	HLA-A	HLA-A	288	AA_A_288_30020295_I	29912316	Ile present	Ile absent
Amino acid position	HLA-A	HLA-A	288	AA_A_288_30020295_L	29912316	Leu present	Leu absent
Amino acid position	HLA-A	HLA-A	288	AA_A_288_30020295_x	29912316	deletion present	deletion absent
Amino acid position	HLA-A	HLA-A	294	AA_A_294_30020313_F	29912334	Phe present	Phe absent
Amino acid position	HLA-A	HLA-A	294	AA_A_294_30020313_L	29912334	Leu present	Leu absent
Amino acid position	HLA-A	HLA-A	294	AA_A_294_30020313_x	29912334	deletion present	deletion absent
Amino acid position	HLA-A	HLA-A	297	AA_A_297_30020322_M	29912343	Met present	Met absent
Amino acid position	HLA-A	HLA-A	297	AA_A_297_30020322_V	29912343	Val present	Val absent
Amino acid position	HLA-A	HLA-A	297	AA_A_297_30020322_x	29912343	deletion present	deletion absent
Amino acid position	HLA-A	HLA-A	298	AA_A_298_30020325_F	29912346	Phe present	Phe absent
Amino acid position	HLA-A	HLA-A	298	AA_A_298_30020325_I	29912346	Ile present	Ile absent
Amino acid position	HLA-A	HLA-A	298	AA_A_298_30020325_x	29912346	deletion present	deletion absent
Amino acid position	HLA-A	HLA-A	299	AA_A_299_30020328_A	29912349	Ala present	Ala absent
Amino acid position	HLA-A	HLA-A	299	AA_A_299_30020328_T	29912349	Thr present	Thr absent
Amino acid position	HLA-A	HLA-A	299	AA_A_299_30020328_x	29912349	deletion present	deletion absent
Amino acid position	HLA-A	HLA-A	307	AA_A_307_30020352_M	29912373	Met present	Met absent
Amino acid position	HLA-A	HLA-A	307	AA_A_307_30020352_R	29912373	Arg present	Arg absent
Amino acid position	HLA-A	HLA-A	307	AA_A_307_30020352_x	29912373	deletion present	deletion absent
Amino acid position	HLA-A	HLA-A	310	AA_A_310_30020361_K	29912382	Lys present	Lys absent
Amino acid position	HLA-A	HLA-A	310	AA_A_310_30020361_R	29912382	Arg present	Arg absent
Amino acid position	HLA-A	HLA-A	310	AA_A_310_30020361_x	29912382	deletion present	deletion absent
Amino acid position	HLA-A	HLA-A	311	AA_A_311_30020364_K	29912385	Lys present	Lys absent
Amino acid position	HLA-A	HLA-A	311	AA_A_311_30020364_N	29912385	Asn present	Asn absent
Amino acid position	HLA-A	HLA-A	311	AA_A_311_30020364_x	29912385	deletion present	deletion absent
Amino acid position	HLA-A	HLA-A	314	AA_A_314_30020815_D	29912836	Asp present	Asp absent
Amino acid position	HLA-A	HLA-A	314	AA_A_314_30020815_V	29912836	Val present	Val absent
Amino acid position	HLA-A	HLA-A	314	AA_A_314_30020815_x	29912836	deletion present	deletion absent
Amino acid position	HLA-A	HLA-A	321	AA_A_321_30020836_S	29912857	Ser present	Ser absent
Amino acid position	HLA-A	HLA-A	321	AA_A_321_30020836_T	29912857	Thr present	Thr absent
Amino acid position	HLA-A	HLA-A	321	AA_A_321_30020836_x	29912857	deletion present	deletion absent
Amino acid position	HLA-A	HLA-A	334	AA_A_334_30021017_M	29913038	Met present	Met absent
Amino acid position	HLA-A	HLA-A	334	AA_A_334_30021017_V	29913038	Val present	Val absent
Amino acid position	HLA-A	HLA-A	334	AA_A_334_30021017_x	29913038	deletion present	deletion absent
Amino acid position	HLA-C	HLA-C	339	AA_C_339_31345102_A	31237123	Ala present	Ala absent
Amino acid position	HLA-C	HLA-C	339	AA_C_339_31345102_T	31237123	Thr present	Thr absent
Amino acid position	HLA-C	HLA-C	339	AA_C_339_31345102_x	31237123	deletion present	deletion absent
Amino acid position	HLA-C	HLA-C	326	AA_C_326_31345141_C	31237162	Cys present	Cys absent
Amino acid position	HLA-C	HLA-C	326	AA_C_326_31345141_S	31237162	Ser present	Ser absent
Amino acid position	HLA-C	HLA-C	326	AA_C_326_31345141_x	31237162	deletion present	deletion absent
Amino acid position	HLA-C	HLA-C	309	AA_C_309_31345739_C	31237760	Cys present	Cys absent
Amino acid position	HLA-C	HLA-C	309	AA_C_309_31345739_H	31237760	His present	His absent
Amino acid position	HLA-C	HLA-C	309	AA_C_309_31345739_x	31237760	deletion present	deletion absent
Amino acid position	HLA-C	HLA-C	308	AA_C_308_31345742_I	31237763	Ile present	Ile absent
Amino acid position	HLA-C	HLA-C	308	AA_C_308_31345742_M	31237763	Met present	Met absent
Amino acid position	HLA-C	HLA-C	308	AA_C_308_31345742_x	31237763	deletion present	deletion absent
Amino acid position	HLA-C	HLA-C	307	AA_C_307_31345745_M	31237766	Met present	Met absent
Amino acid position	HLA-C	HLA-C	307	AA_C_307_31345745_V	31237766	Val present	Val absent
Amino acid position	HLA-C	HLA-C	307	AA_C_307_31345745_x	31237766	deletion present	deletion absent
Amino acid position	HLA-C	HLA-C	306	AA_C_306_31345748_A	31237769	Ala present	Ala absent
Amino acid position	HLA-C	HLA-C	306	AA_C_306_31345748_V	31237769	Val present	Val absent
Amino acid position	HLA-C	HLA-C	306	AA_C_306_31345748_x	31237769	deletion present	deletion absent
Amino acid position	HLA-C	HLA-C	305	AA_C_305_31345751_A	31237772	Ala present	Ala absent
Amino acid position	HLA-C	HLA-C	305	AA_C_305_31345751_T	31237772	Thr present	Thr absent
Amino acid position	HLA-C	HLA-C	305	AA_C_305_31345751_x	31237772	deletion present	deletion absent
Amino acid position	HLA-C	HLA-C	304	AA_C_304_31345754_M	31237775	Met present	Met absent
Amino acid position	HLA-C	HLA-C	304	AA_C_304_31345754_V	31237775	Val present	Val absent
Amino acid position	HLA-C	HLA-C	304	AA_C_304_31345754_x	31237775	deletion present	deletion absent
Amino acid position	HLA-C	HLA-C	303	AA_C_303_31345757_M	31237778	Met present	Met absent
Amino acid position	HLA-C	HLA-C	303	AA_C_303_31345757_V	31237778	Val present	Val absent
Amino acid position	HLA-C	HLA-C	303	AA_C_303_31345757_x	31237778	deletion present	deletion absent
Amino acid position	HLA-C	HLA-C	295	AA_C_295_31345781_A	31237802	Ala present	Ala absent
Amino acid position	HLA-C	HLA-C	295	AA_C_295_31345781_V	31237802	Val present	Val absent
Amino acid position	HLA-C	HLA-C	295	AA_C_295_31345781_x	31237802	deletion present	deletion absent
Amino acid position	HLA-C	HLA-C	291	AA_C_291_31345793_L	31237814	Leu present	Leu absent
Amino acid position	HLA-C	HLA-C	291	AA_C_291_31345793_P	31237814	Pro present	Pro absent
Amino acid position	HLA-C	HLA-C	291	AA_C_291_31345793_x	31237814	deletion present	deletion absent
Amino acid position	HLA-C	HLA-C	289	AA_C_289_31345799_A	31237820	Ala present	Ala absent
Amino acid position	HLA-C	HLA-C	289	AA_C_289_31345799_S	31237820	Ser present	Ser absent
Amino acid position	HLA-C	HLA-C	289	AA_C_289_31345799_x	31237820	deletion present	deletion absent
Amino acid position	HLA-C	HLA-C	285	AA_C_285_31345811_L	31237832	Leu present	Leu absent
Amino acid position	HLA-C	HLA-C	285	AA_C_285_31345811_M	31237832	Met present	Met absent
Amino acid position	HLA-C	HLA-C	285	AA_C_285_31345811_ML	31237832	Met/Leu present	Met/Leu absent
Amino acid position	HLA-C	HLA-C	285	AA_C_285_31345811_MV	31237832	Met/Val present	Met/Val absent
Amino acid position	HLA-C	HLA-C	285	AA_C_285_31345811_Mx	31237832	Met/deletion present	Met/deletion absent
Amino acid position	HLA-C	HLA-C	285	AA_C_285_31345811_V	31237832	Val present	Val absent
Amino acid position	HLA-C	HLA-C	285	AA_C_285_31345811_x	31237832	deletion present	deletion absent
Amino acid position	HLA-C	HLA-C	284	AA_C_284_31345814_I	31237835	Ile present	Ile absent
Amino acid position	HLA-C	HLA-C	284	AA_C_284_31345814_N	31237835	Asn present	Asn absent
Amino acid position	HLA-C	HLA-C	284	AA_C_284_31345814_x	31237835	deletion present	deletion absent
Amino acid position	HLA-C	HLA-C	275	AA_C_275_31345841_E	31237862	Glu present	Glu absent
Amino acid position	HLA-C	HLA-C	275	AA_C_275_31345841_EG	31237862	Glu/Gly present	Glu/Gly absent
Amino acid position	HLA-C	HLA-C	275	AA_C_275_31345841_EK	31237862	Glu/Lys present	Glu/Lys absent
Amino acid position	HLA-C	HLA-C	275	AA_C_275_31345841_Ex	31237862	Glu/deletion present	Glu/deletion absent
Amino acid position	HLA-C	HLA-C	275	AA_C_275_31345841_G	31237862	Gly present	Gly absent
Amino acid position	HLA-C	HLA-C	275	AA_C_275_31345841_K	31237862	Lys present	Lys absent
Amino acid position	HLA-C	HLA-C	275	AA_C_275_31345841_x	31237862	deletion present	deletion absent
Amino acid position	HLA-C	HLA-C	273	AA_C_273_31345971_R	31237992	Arg present	Arg absent
Amino acid position	HLA-C	HLA-C	273	AA_C_273_31345971_S	31237992	Ser present	Ser absent
Amino acid position	HLA-C	HLA-C	273	AA_C_273_31345971_x	31237992	deletion present	deletion absent
Amino acid position	HLA-C	HLA-C	270	AA_C_270_31345980_C	31238001	Cys present	Cys absent
Amino acid position	HLA-C	HLA-C	270	AA_C_270_31345980_L	31238001	Leu present	Leu absent
Amino acid position	HLA-C	HLA-C	270	AA_C_270_31345980_x	31238001	deletion present	deletion absent
Amino acid position	HLA-C	HLA-C	267	AA_C_267_31345989_P	31238010	Pro present	Pro absent
Amino acid position	HLA-C	HLA-C	267	AA_C_267_31345989_Q	31238010	Gln present	Gln absent
Amino acid position	HLA-C	HLA-C	267	AA_C_267_31345989_x	31238010	deletion present	deletion absent
Amino acid position	HLA-C	HLA-C	261	AA_C_261_31346007_M	31238028	Met present	Met absent
Amino acid position	HLA-C	HLA-C	261	AA_C_261_31346007_V	31238028	Val present	Val absent
Amino acid position	HLA-C	HLA-C	261	AA_C_261_31346007_x	31238028	deletion present	deletion absent
Amino acid position	HLA-C	HLA-C	253	AA_C_253_31346031_E	31238052	Glu present	Glu absent
Amino acid position	HLA-C	HLA-C	253	AA_C_253_31346031_Q	31238052	Gln present	Gln absent
Amino acid position	HLA-C	HLA-C	253	AA_C_253_31346031_x	31238052	deletion present	deletion absent
Amino acid position	HLA-C	HLA-C	248	AA_C_248_31346046_M	31238067	Met present	Met absent
Amino acid position	HLA-C	HLA-C	248	AA_C_248_31346046_V	31238067	Val present	Val absent
Amino acid position	HLA-C	HLA-C	248	AA_C_248_31346046_x	31238067	deletion present	deletion absent
Amino acid position	HLA-C	HLA-C	219	AA_C_219_31346133_R	31238154	Arg present	Arg absent
Amino acid position	HLA-C	HLA-C	219	AA_C_219_31346133_W	31238154	Trp present	Trp absent
Amino acid position	HLA-C	HLA-C	219	AA_C_219_31346133_x	31238154	deletion present	deletion absent
Amino acid position	HLA-C	HLA-C	211	AA_C_211_31346157_A	31238178	Ala present	Ala absent
Amino acid position	HLA-C	HLA-C	211	AA_C_211_31346157_T	31238178	Thr present	Thr absent
Amino acid position	HLA-C	HLA-C	211	AA_C_211_31346157_x	31238178	deletion present	deletion absent
Classical HLA allele	HLA-C			HLA_C_0102	31238192	HLA-C*01:02 present	HLA-C*01:02 absent
Classical HLA allele	HLA-C			HLA_C_0202	31238192	HLA-C*02:02 present	HLA-C*02:02 absent
Classical HLA allele	HLA-C			HLA_C_0206	31238192	HLA-C*02:06 present	HLA-C*02:06 absent
Classical HLA allele	HLA-C			HLA_C_0302	31238192	HLA-C*03:02 present	HLA-C*03:02 absent
Classical HLA allele	HLA-C			HLA_C_0303	31238192	HLA-C*03:03 present	HLA-C*03:03 absent
Classical HLA allele	HLA-C			HLA_C_0304	31238192	HLA-C*03:04 present	HLA-C*03:04 absent
Classical HLA allele	HLA-C			HLA_C_0305	31238192	HLA-C*03:05 present	HLA-C*03:05 absent
Classical HLA allele	HLA-C			HLA_C_0306	31238192	HLA-C*03:06 present	HLA-C*03:06 absent
Classical HLA allele	HLA-C			HLA_C_0401	31238192	HLA-C*04:01 present	HLA-C*04:01 absent
Classical HLA allele	HLA-C			HLA_C_0403	31238192	HLA-C*04:03 present	HLA-C*04:03 absent
Classical HLA allele	HLA-C			HLA_C_0404	31238192	HLA-C*04:04 present	HLA-C*04:04 absent
Classical HLA allele	HLA-C			HLA_C_0407	31238192	HLA-C*04:07 present	HLA-C*04:07 absent
Classical HLA allele	HLA-C			HLA_C_0410	31238192	HLA-C*04:10 present	HLA-C*04:10 absent
Classical HLA allele	HLA-C			HLA_C_0501	31238192	HLA-C*05:01 present	HLA-C*05:01 absent
Classical HLA allele	HLA-C			HLA_C_0602	31238192	HLA-C*06:02 present	HLA-C*06:02 absent
Classical HLA allele	HLA-C			HLA_C_0701	31238192	HLA-C*07:01 present	HLA-C*07:01 absent
Classical HLA allele	HLA-C			HLA_C_0702	31238192	HLA-C*07:02 present	HLA-C*07:02 absent
Classical HLA allele	HLA-C			HLA_C_0704	31238192	HLA-C*07:04 present	HLA-C*07:04 absent
Classical HLA allele	HLA-C			HLA_C_0726	31238192	HLA-C*07:26 present	HLA-C*07:26 absent
Classical HLA allele	HLA-C			HLA_C_0801	31238192	HLA-C*08:01 present	HLA-C*08:01 absent
Classical HLA allele	HLA-C			HLA_C_0802	31238192	HLA-C*08:02 present	HLA-C*08:02 absent
Classical HLA allele	HLA-C			HLA_C_1202	31238192	HLA-C*12:02 present	HLA-C*12:02 absent
Classical HLA allele	HLA-C			HLA_C_1203	31238192	HLA-C*12:03 present	HLA-C*12:03 absent
Classical HLA allele	HLA-C			HLA_C_1204	31238192	HLA-C*12:04 present	HLA-C*12:04 absent
Classical HLA allele	HLA-C			HLA_C_1402	31238192	HLA-C*14:02 present	HLA-C*14:02 absent
Classical HLA allele	HLA-C			HLA_C_1502	31238192	HLA-C*15:02 present	HLA-C*15:02 absent
Classical HLA allele	HLA-C			HLA_C_1504	31238192	HLA-C*15:04 present	HLA-C*15:04 absent
Classical HLA allele	HLA-C			HLA_C_1505	31238192	HLA-C*15:05 present	HLA-C*15:05 absent
Classical HLA allele	HLA-C			HLA_C_1601	31238192	HLA-C*16:01 present	HLA-C*16:01 absent
Classical HLA allele	HLA-C			HLA_C_1602	31238192	HLA-C*16:02 present	HLA-C*16:02 absent
Classical HLA allele	HLA-C			HLA_C_1604	31238192	HLA-C*16:04 present	HLA-C*16:04 absent
Classical HLA allele	HLA-C			HLA_C_1701	31238192	HLA-C*17:01 present	HLA-C*17:01 absent
Classical HLA allele	HLA-C			HLA_C_1801	31238192	HLA-C*18:01 present	HLA-C*18:01 absent
Amino acid position	HLA-C	HLA-C	194	AA_C_194_31346208_L	31238229	Leu present	Leu absent
Amino acid position	HLA-C	HLA-C	194	AA_C_194_31346208_V	31238229	Val present	Val absent
Amino acid position	HLA-C	HLA-C	194	AA_C_194_31346208_x	31238229	deletion present	deletion absent
Amino acid position	HLA-C	HLA-C	193	AA_C_193_31346211_L	31238232	Leu present	Leu absent
Amino acid position	HLA-C	HLA-C	193	AA_C_193_31346211_P	31238232	Pro present	Pro absent
Amino acid position	HLA-C	HLA-C	193	AA_C_193_31346211_x	31238232	deletion present	deletion absent
Amino acid position	HLA-C	HLA-C	184	AA_C_184_31346238_H	31238259	His present	His absent
Amino acid position	HLA-C	HLA-C	184	AA_C_184_31346238_P	31238259	Pro present	Pro absent
Amino acid position	HLA-C	HLA-C	184	AA_C_184_31346238_PH	31238259	Pro/His present	Pro/His absent
Amino acid position	HLA-C	HLA-C	184	AA_C_184_31346238_PR	31238259	Pro/Arg present	Pro/Arg absent
Amino acid position	HLA-C	HLA-C	184	AA_C_184_31346238_Px	31238259	Pro/deletion present	Pro/deletion absent
Amino acid position	HLA-C	HLA-C	184	AA_C_184_31346238_R	31238259	Arg present	Arg absent
Amino acid position	HLA-C	HLA-C	184	AA_C_184_31346238_x	31238259	deletion present	deletion absent
Amino acid position	HLA-C	HLA-C	177	AA_C_177_31346846	31238867	Lys	Glu
Amino acid position	HLA-C	HLA-C	173	AA_C_173_31346858	31238879	Lys	Glu
Amino acid position	HLA-C	HLA-C	170	AA_C_170_31346867	31238888	Gly	Arg
Amino acid position	HLA-C	HLA-C	163	AA_C_163_31346888_E	31238909	Glu present	Glu absent
Amino acid position	HLA-C	HLA-C	163	AA_C_163_31346888_L	31238909	Leu present	Leu absent
Amino acid position	HLA-C	HLA-C	163	AA_C_163_31346888_T	31238909	Thr present	Thr absent
Amino acid position	HLA-C	HLA-C	156	AA_C_156_31346909_D	31238930	Asp present	Asp absent
Amino acid position	HLA-C	HLA-C	156	AA_C_156_31346909_DQ	31238930	Asp/Gln present	Asp/Gln absent
Amino acid position	HLA-C	HLA-C	156	AA_C_156_31346909_L	31238930	Leu present	Leu absent
Amino acid position	HLA-C	HLA-C	156	AA_C_156_31346909_LD	31238930	Leu/Asp present	Leu/Asp absent
Amino acid position	HLA-C	HLA-C	156	AA_C_156_31346909_LQ	31238930	Leu/Gln present	Leu/Gln absent
Amino acid position	HLA-C	HLA-C	156	AA_C_156_31346909_LR	31238930	Leu/Arg present	Leu/Arg absent
Amino acid position	HLA-C	HLA-C	156	AA_C_156_31346909_LW	31238930	Leu/Trp present	Leu/Trp absent
Amino acid position	HLA-C	HLA-C	156	AA_C_156_31346909_Q	31238930	Gln present	Gln absent
Amino acid position	HLA-C	HLA-C	156	AA_C_156_31346909_R	31238930	Arg present	Arg absent
Amino acid position	HLA-C	HLA-C	156	AA_C_156_31346909_RD	31238930	Arg/Asp present	Arg/Asp absent
Amino acid position	HLA-C	HLA-C	156	AA_C_156_31346909_RQ	31238930	Arg/Gln present	Arg/Gln absent
Amino acid position	HLA-C	HLA-C	156	AA_C_156_31346909_W	31238930	Trp present	Trp absent
Amino acid position	HLA-C	HLA-C	156	AA_C_156_31346909_WD	31238930	Trp/Asp present	Trp/Asp absent
Amino acid position	HLA-C	HLA-C	156	AA_C_156_31346909_WQ	31238930	Trp/Gln present	Trp/Gln absent
Amino acid position	HLA-C	HLA-C	156	AA_C_156_31346909_WR	31238930	Trp/Arg present	Trp/Arg absent
Amino acid position	HLA-C	HLA-C	152	AA_C_152_31346921_A	31238942	Ala present	Ala absent
Amino acid position	HLA-C	HLA-C	152	AA_C_152_31346921_E	31238942	Glu present	Glu absent
Amino acid position	HLA-C	HLA-C	152	AA_C_152_31346921_T	31238942	Thr present	Thr absent
Amino acid position	HLA-C	HLA-C	147	AA_C_147_31346936	31238957	Leu	Trp
Amino acid position	HLA-C	HLA-C	143	AA_C_143_31346948	31238969	Ser	Thr
Amino acid position	HLA-C	HLA-C	138	AA_C_138_31346963	31238984	Lys	Thr
Amino acid position	HLA-C	HLA-C	116	AA_C_116_31347029_F	31239050	Phe present	Phe absent
Amino acid position	HLA-C	HLA-C	116	AA_C_116_31347029_L	31239050	Leu present	Leu absent
Amino acid position	HLA-C	HLA-C	116	AA_C_116_31347029_S	31239050	Ser present	Ser absent
Amino acid position	HLA-C	HLA-C	116	AA_C_116_31347029_SF	31239050	Ser/Phe present	Ser/Phe absent
Amino acid position	HLA-C	HLA-C	116	AA_C_116_31347029_SL	31239050	Ser/Leu present	Ser/Leu absent
Amino acid position	HLA-C	HLA-C	116	AA_C_116_31347029_SY	31239050	Ser/Tyr present	Ser/Tyr absent
Amino acid position	HLA-C	HLA-C	116	AA_C_116_31347029_Y	31239050	Tyr present	Tyr absent
Amino acid position	HLA-C	HLA-C	114	AA_C_114_31347035_D	31239056	Asp present	Asp absent
Amino acid position	HLA-C	HLA-C	114	AA_C_114_31347035_N	31239056	Asn present	Asn absent
Amino acid position	HLA-C	HLA-C	114	AA_C_114_31347035_V	31239056	Val present	Val absent
Amino acid position	HLA-C	HLA-C	113	AA_C_113_31347038	31239059	His	Tyr
Amino acid position	HLA-C	HLA-C	103	AA_C_103_31347068	31239089	Val	Leu
Amino acid position	HLA-C	HLA-C	99	AA_C_99_31347080_C	31239101	Cys present	Cys absent
Amino acid position	HLA-C	HLA-C	99	AA_C_99_31347080_F	31239101	Phe present	Phe absent
Amino acid position	HLA-C	HLA-C	99	AA_C_99_31347080_S	31239101	Ser present	Ser absent
Amino acid position	HLA-C	HLA-C	99	AA_C_99_31347080_Y	31239101	Tyr present	Tyr absent
Amino acid position	HLA-C	HLA-C	99	AA_C_99_31347080_YC	31239101	Tyr/Cys present	Tyr/Cys absent
Amino acid position	HLA-C	HLA-C	99	AA_C_99_31347080_YF	31239101	Tyr/Phe present	Tyr/Phe absent
Amino acid position	HLA-C	HLA-C	99	AA_C_99_31347080_YS	31239101	Tyr/Ser present	Tyr/Ser absent
Amino acid position	HLA-C	HLA-C	97	AA_C_97_31347086_R	31239107	Arg present	Arg absent
Amino acid position	HLA-C	HLA-C	97	AA_C_97_31347086_S	31239107	Ser present	Ser absent
Amino acid position	HLA-C	HLA-C	97	AA_C_97_31347086_W	31239107	Trp present	Trp absent
Amino acid position	HLA-C	HLA-C	95	AA_C_95_31347092_F	31239113	Phe present	Phe absent
Amino acid position	HLA-C	HLA-C	95	AA_C_95_31347092_I	31239113	Ile present	Ile absent
Amino acid position	HLA-C	HLA-C	95	AA_C_95_31347092_L	31239113	Leu present	Leu absent
Amino acid position	HLA-C	HLA-C	94	AA_C_94_31347095	31239116	Ile	Thr
Amino acid position	HLA-C	HLA-C	91	AA_C_91_31347104	31239125	Arg	Gly
Amino acid position	HLA-C	HLA-C	90	AA_C_90_31347357	31239378	Ala	Asp
Amino acid position	HLA-C	HLA-C	80	AA_C_80_31347387	31239408	Lys	Asn
Amino acid position	HLA-C	HLA-C	77	AA_C_77_31347396	31239417	Asn	Ser
Amino acid position	HLA-C	HLA-C	73	AA_C_73_31347408	31239429	Thr	Ala
Amino acid position	HLA-C	HLA-C	66	AA_C_66_31347429	31239450	Asn	Lys
Amino acid position	HLA-C	HLA-C	49	AA_C_49_31347480	31239501	Glu	Ala
Amino acid position	HLA-C	HLA-C	35	AA_C_35_31347522	31239543	Gln	Arg
Amino acid position	HLA-C	HLA-C	24	AA_C_24_31347555	31239576	Ser	Ala
Amino acid position	HLA-C	HLA-C	21	AA_C_21_31347564	31239585	His	Arg
Amino acid position	HLA-C	HLA-C	16	AA_C_16_31347579	31239600	Ser	Gly
Amino acid position	HLA-C	HLA-C	14	AA_C_14_31347585	31239606	Trp	Arg
Amino acid position	HLA-C	HLA-C	11	AA_C_11_31347594	31239615	Ser	Ala
Amino acid position	HLA-C	HLA-C	9	AA_C_9_31347600_D	31239621	Asp present	Asp absent
Amino acid position	HLA-C	HLA-C	9	AA_C_9_31347600_DF	31239621	Asp/Phe present	Asp/Phe absent
Amino acid position	HLA-C	HLA-C	9	AA_C_9_31347600_DS	31239621	Asp/Ser present	Asp/Ser absent
Amino acid position	HLA-C	HLA-C	9	AA_C_9_31347600_DY	31239621	Asp/Tyr present	Asp/Tyr absent
Amino acid position	HLA-C	HLA-C	9	AA_C_9_31347600_F	31239621	Phe present	Phe absent
Amino acid position	HLA-C	HLA-C	9	AA_C_9_31347600_S	31239621	Ser present	Ser absent
Amino acid position	HLA-C	HLA-C	9	AA_C_9_31347600_Y	31239621	Tyr present	Tyr absent
Amino acid position	HLA-C	HLA-C	6	AA_C_6_31347609	31239630	Lys	Arg
Amino acid position	HLA-C	HLA-C	1	AA_C_1_31347624_C	31239645	Cys present	Cys absent
Amino acid position	HLA-C	HLA-C	1	AA_C_1_31347624_G	31239645	Gly present	Gly absent
Amino acid position	HLA-C	HLA-C	1	AA_C_1_31347624_x	31239645	deletion present	deletion absent
Amino acid position	HLA-B	HLA-B	325	AA_B_325_31430282_C	31322303	Cys present	Cys absent
Amino acid position	HLA-B	HLA-B	325	AA_B_325_31430282_S	31322303	Ser present	Ser absent
Amino acid position	HLA-B	HLA-B	325	AA_B_325_31430282_x	31322303	deletion present	deletion absent
Amino acid position	HLA-B	HLA-B	307	AA_B_307_31430883_M	31322904	Met present	Met absent
Amino acid position	HLA-B	HLA-B	307	AA_B_307_31430883_V	31322904	Val present	Val absent
Amino acid position	HLA-B	HLA-B	307	AA_B_307_31430883_x	31322904	deletion present	deletion absent
Amino acid position	HLA-B	HLA-B	305	AA_B_305_31430889_A	31322910	Ala present	Ala absent
Amino acid position	HLA-B	HLA-B	305	AA_B_305_31430889_T	31322910	Thr present	Thr absent
Amino acid position	HLA-B	HLA-B	305	AA_B_305_31430889_x	31322910	deletion present	deletion absent
Amino acid position	HLA-B	HLA-B	300	AA_B_300_31430904_G	31322925	Gly present	Gly absent
Amino acid position	HLA-B	HLA-B	300	AA_B_300_31430904_V	31322925	Val present	Val absent
Amino acid position	HLA-B	HLA-B	300	AA_B_300_31430904_x	31322925	deletion present	deletion absent
Amino acid position	HLA-B	HLA-B	299	AA_B_299_31430907_I	31322928	Ile present	Ile absent
Amino acid position	HLA-B	HLA-B	299	AA_B_299_31430907_V	31322928	Val present	Val absent
Amino acid position	HLA-B	HLA-B	299	AA_B_299_31430907_x	31322928	deletion present	deletion absent
Amino acid position	HLA-B	HLA-B	298	AA_B_298_31430910_A	31322931	Ala present	Ala absent
Amino acid position	HLA-B	HLA-B	298	AA_B_298_31430910_V	31322931	Val present	Val absent
Amino acid position	HLA-B	HLA-B	298	AA_B_298_31430910_x	31322931	deletion present	deletion absent
Amino acid position	HLA-B	HLA-B	296	AA_B_296_31430916_T	31322937	Thr present	Thr absent
Amino acid position	HLA-B	HLA-B	296	AA_B_296_31430916_V	31322937	Val present	Val absent
Amino acid position	HLA-B	HLA-B	296	AA_B_296_31430916_x	31322937	deletion present	deletion absent
Amino acid position	HLA-B	HLA-B	295	AA_B_295_31430919_A	31322940	Ala present	Ala absent
Amino acid position	HLA-B	HLA-B	295	AA_B_295_31430919_V	31322940	Val present	Val absent
Amino acid position	HLA-B	HLA-B	295	AA_B_295_31430919_x	31322940	deletion present	deletion absent
Amino acid position	HLA-B	HLA-B	282	AA_B_282_31430958_I	31322979	Ile present	Ile absent
Amino acid position	HLA-B	HLA-B	282	AA_B_282_31430958_V	31322979	Val present	Val absent
Amino acid position	HLA-B	HLA-B	282	AA_B_282_31430958_x	31322979	deletion present	deletion absent
Amino acid position	HLA-B	HLA-B	275	AA_B_275_31430979_E	31323000	Glu present	Glu absent
Amino acid position	HLA-B	HLA-B	275	AA_B_275_31430979_K	31323000	Lys present	Lys absent
Amino acid position	HLA-B	HLA-B	275	AA_B_275_31430979_x	31323000	deletion present	deletion absent
Amino acid position	HLA-B	HLA-B	270	AA_B_270_31431087_C	31323108	Cys present	Cys absent
Amino acid position	HLA-B	HLA-B	270	AA_B_270_31431087_L	31323108	Leu present	Leu absent
Amino acid position	HLA-B	HLA-B	270	AA_B_270_31431087_x	31323108	deletion present	deletion absent
Amino acid position	HLA-B	HLA-B	268	AA_B_268_31431093_E	31323114	Glu present	Glu absent
Amino acid position	HLA-B	HLA-B	268	AA_B_268_31431093_K	31323114	Lys present	Lys absent
Amino acid position	HLA-B	HLA-B	268	AA_B_268_31431093_x	31323114	deletion present	deletion absent
Amino acid position	HLA-B	HLA-B	267	AA_B_267_31431096_P	31323117	Pro present	Pro absent
Amino acid position	HLA-B	HLA-B	267	AA_B_267_31431096_Q	31323117	Gln present	Gln absent
Amino acid position	HLA-B	HLA-B	267	AA_B_267_31431096_x	31323117	deletion present	deletion absent
Amino acid position	HLA-B	HLA-B	253	AA_B_253_31431138_E	31323159	Glu present	Glu absent
Amino acid position	HLA-B	HLA-B	253	AA_B_253_31431138_Q	31323159	Gln present	Gln absent
Amino acid position	HLA-B	HLA-B	253	AA_B_253_31431138_x	31323159	deletion present	deletion absent
Amino acid position	HLA-B	HLA-B	245	AA_B_245_31431162_A	31323183	Ala present	Ala absent
Amino acid position	HLA-B	HLA-B	245	AA_B_245_31431162_T	31323183	Thr present	Thr absent
Amino acid position	HLA-B	HLA-B	245	AA_B_245_31431162_x	31323183	deletion present	deletion absent
Amino acid position	HLA-B	HLA-B	239	AA_B_239_31431180_G	31323201	Gly present	Gly absent
Amino acid position	HLA-B	HLA-B	239	AA_B_239_31431180_R	31323201	Arg present	Arg absent
Amino acid position	HLA-B	HLA-B	239	AA_B_239_31431180_x	31323201	deletion present	deletion absent
Amino acid position	HLA-B	HLA-B	211	AA_B_211_31431264_A	31323285	Ala present	Ala absent
Amino acid position	HLA-B	HLA-B	211	AA_B_211_31431264_G	31323285	Gly present	Gly absent
Amino acid position	HLA-B	HLA-B	211	AA_B_211_31431264_x	31323285	deletion present	deletion absent
Classical HLA allele	HLA-B			HLA_B_0702	31323293	HLA-B*07:02 present	HLA-B*07:02 absent
Classical HLA allele	HLA-B			HLA_B_0704	31323293	HLA-B*07:04 present	HLA-B*07:04 absent
Classical HLA allele	HLA-B			HLA_B_0705	31323293	HLA-B*07:05 present	HLA-B*07:05 absent
Classical HLA allele	HLA-B			HLA_B_0801	31323293	HLA-B*08:01 present	HLA-B*08:01 absent
Classical HLA allele	HLA-B			HLA_B_1301	31323293	HLA-B*13:01 present	HLA-B*13:01 absent
Classical HLA allele	HLA-B			HLA_B_1302	31323293	HLA-B*13:02 present	HLA-B*13:02 absent
Classical HLA allele	HLA-B			HLA_B_1401	31323293	HLA-B*14:01 present	HLA-B*14:01 absent
Classical HLA allele	HLA-B			HLA_B_1402	31323293	HLA-B*14:02 present	HLA-B*14:02 absent
Classical HLA allele	HLA-B			HLA_B_1501	31323293	HLA-B*15:01 present	HLA-B*15:01 absent
Classical HLA allele	HLA-B			HLA_B_1502	31323293	HLA-B*15:02 present	HLA-B*15:02 absent
Classical HLA allele	HLA-B			HLA_B_1503	31323293	HLA-B*15:03 present	HLA-B*15:03 absent
Classical HLA allele	HLA-B			HLA_B_1504	31323293	HLA-B*15:04 present	HLA-B*15:04 absent
Classical HLA allele	HLA-B			HLA_B_1505	31323293	HLA-B*15:05 present	HLA-B*15:05 absent
Classical HLA allele	HLA-B			HLA_B_1506	31323293	HLA-B*15:06 present	HLA-B*15:06 absent
Classical HLA allele	HLA-B			HLA_B_1507	31323293	HLA-B*15:07 present	HLA-B*15:07 absent
Classical HLA allele	HLA-B			HLA_B_1508	31323293	HLA-B*15:08 present	HLA-B*15:08 absent
Classical HLA allele	HLA-B			HLA_B_1509	31323293	HLA-B*15:09 present	HLA-B*15:09 absent
Classical HLA allele	HLA-B			HLA_B_1510	31323293	HLA-B*15:10 present	HLA-B*15:10 absent
Classical HLA allele	HLA-B			HLA_B_1513	31323293	HLA-B*15:13 present	HLA-B*15:13 absent
Classical HLA allele	HLA-B			HLA_B_1515	31323293	HLA-B*15:15 present	HLA-B*15:15 absent
Classical HLA allele	HLA-B			HLA_B_1516	31323293	HLA-B*15:16 present	HLA-B*15:16 absent
Classical HLA allele	HLA-B			HLA_B_1517	31323293	HLA-B*15:17 present	HLA-B*15:17 absent
Classical HLA allele	HLA-B			HLA_B_1518	31323293	HLA-B*15:18 present	HLA-B*15:18 absent
Classical HLA allele	HLA-B			HLA_B_1521	31323293	HLA-B*15:21 present	HLA-B*15:21 absent
Classical HLA allele	HLA-B			HLA_B_1524	31323293	HLA-B*15:24 present	HLA-B*15:24 absent
Classical HLA allele	HLA-B			HLA_B_1525	31323293	HLA-B*15:25 present	HLA-B*15:25 absent
Classical HLA allele	HLA-B			HLA_B_1526	31323293	HLA-B*15:26 present	HLA-B*15:26 absent
Classical HLA allele	HLA-B			HLA_B_1527	31323293	HLA-B*15:27 present	HLA-B*15:27 absent
Classical HLA allele	HLA-B			HLA_B_1530	31323293	HLA-B*15:30 present	HLA-B*15:30 absent
Classical HLA allele	HLA-B			HLA_B_1801	31323293	HLA-B*18:01 present	HLA-B*18:01 absent
Classical HLA allele	HLA-B			HLA_B_1802	31323293	HLA-B*18:02 present	HLA-B*18:02 absent
Classical HLA allele	HLA-B			HLA_B_2702	31323293	HLA-B*27:02 present	HLA-B*27:02 absent
Classical HLA allele	HLA-B			HLA_B_2703	31323293	HLA-B*27:03 present	HLA-B*27:03 absent
Classical HLA allele	HLA-B			HLA_B_2704	31323293	HLA-B*27:04 present	HLA-B*27:04 absent
Classical HLA allele	HLA-B			HLA_B_2705	31323293	HLA-B*27:05 present	HLA-B*27:05 absent
Classical HLA allele	HLA-B			HLA_B_2707	31323293	HLA-B*27:07 present	HLA-B*27:07 absent
Classical HLA allele	HLA-B			HLA_B_3501	31323293	HLA-B*35:01 present	HLA-B*35:01 absent
Classical HLA allele	HLA-B			HLA_B_3502	31323293	HLA-B*35:02 present	HLA-B*35:02 absent
Classical HLA allele	HLA-B			HLA_B_3503	31323293	HLA-B*35:03 present	HLA-B*35:03 absent
Classical HLA allele	HLA-B			HLA_B_3505	31323293	HLA-B*35:05 present	HLA-B*35:05 absent
Classical HLA allele	HLA-B			HLA_B_3508	31323293	HLA-B*35:08 present	HLA-B*35:08 absent
Classical HLA allele	HLA-B			HLA_B_3512	31323293	HLA-B*35:12 present	HLA-B*35:12 absent
Classical HLA allele	HLA-B			HLA_B_3514	31323293	HLA-B*35:14 present	HLA-B*35:14 absent
Classical HLA allele	HLA-B			HLA_B_3517	31323293	HLA-B*35:17 present	HLA-B*35:17 absent
Classical HLA allele	HLA-B			HLA_B_3521	31323293	HLA-B*35:21 present	HLA-B*35:21 absent
Classical HLA allele	HLA-B			HLA_B_3543	31323293	HLA-B*35:43 present	HLA-B*35:43 absent
Classical HLA allele	HLA-B			HLA_B_3701	31323293	HLA-B*37:01 present	HLA-B*37:01 absent
Classical HLA allele	HLA-B			HLA_B_3801	31323293	HLA-B*38:01 present	HLA-B*38:01 absent
Classical HLA allele	HLA-B			HLA_B_3802	31323293	HLA-B*38:02 present	HLA-B*38:02 absent
Classical HLA allele	HLA-B			HLA_B_3901	31323293	HLA-B*39:01 present	HLA-B*39:01 absent
Classical HLA allele	HLA-B			HLA_B_3902	31323293	HLA-B*39:02 present	HLA-B*39:02 absent
Classical HLA allele	HLA-B			HLA_B_3906	31323293	HLA-B*39:06 present	HLA-B*39:06 absent
Classical HLA allele	HLA-B			HLA_B_3908	31323293	HLA-B*39:08 present	HLA-B*39:08 absent
Classical HLA allele	HLA-B			HLA_B_3909	31323293	HLA-B*39:09 present	HLA-B*39:09 absent
Classical HLA allele	HLA-B			HLA_B_3910	31323293	HLA-B*39:10 present	HLA-B*39:10 absent
Classical HLA allele	HLA-B			HLA_B_4001	31323293	HLA-B*40:01 present	HLA-B*40:01 absent
Classical HLA allele	HLA-B			HLA_B_4002	31323293	HLA-B*40:02 present	HLA-B*40:02 absent
Classical HLA allele	HLA-B			HLA_B_4005	31323293	HLA-B*40:05 present	HLA-B*40:05 absent
Classical HLA allele	HLA-B			HLA_B_4006	31323293	HLA-B*40:06 present	HLA-B*40:06 absent
Classical HLA allele	HLA-B			HLA_B_4009	31323293	HLA-B*40:09 present	HLA-B*40:09 absent
Classical HLA allele	HLA-B			HLA_B_4010	31323293	HLA-B*40:10 present	HLA-B*40:10 absent
Classical HLA allele	HLA-B			HLA_B_4023	31323293	HLA-B*40:23 present	HLA-B*40:23 absent
Classical HLA allele	HLA-B			HLA_B_4101	31323293	HLA-B*41:01 present	HLA-B*41:01 absent
Classical HLA allele	HLA-B			HLA_B_4102	31323293	HLA-B*41:02 present	HLA-B*41:02 absent
Classical HLA allele	HLA-B			HLA_B_4201	31323293	HLA-B*42:01 present	HLA-B*42:01 absent
Classical HLA allele	HLA-B			HLA_B_4202	31323293	HLA-B*42:02 present	HLA-B*42:02 absent
Classical HLA allele	HLA-B			HLA_B_4402	31323293	HLA-B*44:02 present	HLA-B*44:02 absent
Classical HLA allele	HLA-B			HLA_B_4403	31323293	HLA-B*44:03 present	HLA-B*44:03 absent
Classical HLA allele	HLA-B			HLA_B_4404	31323293	HLA-B*44:04 present	HLA-B*44:04 absent
Classical HLA allele	HLA-B			HLA_B_4405	31323293	HLA-B*44:05 present	HLA-B*44:05 absent
Classical HLA allele	HLA-B			HLA_B_4501	31323293	HLA-B*45:01 present	HLA-B*45:01 absent
Classical HLA allele	HLA-B			HLA_B_4601	31323293	HLA-B*46:01 present	HLA-B*46:01 absent
Classical HLA allele	HLA-B			HLA_B_4701	31323293	HLA-B*47:01 present	HLA-B*47:01 absent
Classical HLA allele	HLA-B			HLA_B_4801	31323293	HLA-B*48:01 present	HLA-B*48:01 absent
Classical HLA allele	HLA-B			HLA_B_4901	31323293	HLA-B*49:01 present	HLA-B*49:01 absent
Classical HLA allele	HLA-B			HLA_B_5001	31323293	HLA-B*50:01 present	HLA-B*50:01 absent
Classical HLA allele	HLA-B			HLA_B_5002	31323293	HLA-B*50:02 present	HLA-B*50:02 absent
Classical HLA allele	HLA-B			HLA_B_5101	31323293	HLA-B*51:01 present	HLA-B*51:01 absent
Classical HLA allele	HLA-B			HLA_B_5102	31323293	HLA-B*51:02 present	HLA-B*51:02 absent
Classical HLA allele	HLA-B			HLA_B_5105	31323293	HLA-B*51:05 present	HLA-B*51:05 absent
Classical HLA allele	HLA-B			HLA_B_5106	31323293	HLA-B*51:06 present	HLA-B*51:06 absent
Classical HLA allele	HLA-B			HLA_B_5108	31323293	HLA-B*51:08 present	HLA-B*51:08 absent
Classical HLA allele	HLA-B			HLA_B_5201	31323293	HLA-B*52:01 present	HLA-B*52:01 absent
Classical HLA allele	HLA-B			HLA_B_5301	31323293	HLA-B*53:01 present	HLA-B*53:01 absent
Classical HLA allele	HLA-B			HLA_B_5401	31323293	HLA-B*54:01 present	HLA-B*54:01 absent
Classical HLA allele	HLA-B			HLA_B_5501	31323293	HLA-B*55:01 present	HLA-B*55:01 absent
Classical HLA allele	HLA-B			HLA_B_5601	31323293	HLA-B*56:01 present	HLA-B*56:01 absent
Classical HLA allele	HLA-B			HLA_B_5603	31323293	HLA-B*56:03 present	HLA-B*56:03 absent
Classical HLA allele	HLA-B			HLA_B_5604	31323293	HLA-B*56:04 present	HLA-B*56:04 absent
Classical HLA allele	HLA-B			HLA_B_5701	31323293	HLA-B*57:01 present	HLA-B*57:01 absent
Classical HLA allele	HLA-B			HLA_B_5702	31323293	HLA-B*57:02 present	HLA-B*57:02 absent
Classical HLA allele	HLA-B			HLA_B_5703	31323293	HLA-B*57:03 present	HLA-B*57:03 absent
Classical HLA allele	HLA-B			HLA_B_5801	31323293	HLA-B*58:01 present	HLA-B*58:01 absent
Classical HLA allele	HLA-B			HLA_B_5802	31323293	HLA-B*58:02 present	HLA-B*58:02 absent
Classical HLA allele	HLA-B			HLA_B_7301	31323293	HLA-B*73:01 present	HLA-B*73:01 absent
Classical HLA allele	HLA-B			HLA_B_7801	31323293	HLA-B*78:01 present	HLA-B*78:01 absent
Classical HLA allele	HLA-B			HLA_B_8101	31323293	HLA-B*81:01 present	HLA-B*81:01 absent
Amino acid position	HLA-B	HLA-B	199	AA_B_199_31431300_A	31323321	Ala present	Ala absent
Amino acid position	HLA-B	HLA-B	199	AA_B_199_31431300_V	31323321	Val present	Val absent
Amino acid position	HLA-B	HLA-B	199	AA_B_199_31431300_x	31323321	deletion present	deletion absent
Amino acid position	HLA-B	HLA-B	194	AA_B_194_31431315_I	31323336	Ile present	Ile absent
Amino acid position	HLA-B	HLA-B	194	AA_B_194_31431315_V	31323336	Val present	Val absent
Amino acid position	HLA-B	HLA-B	194	AA_B_194_31431315_x	31323336	deletion present	deletion absent
Amino acid position	HLA-B	HLA-B	180	AA_B_180_31431931_E	31323952	Glu present	Glu absent
Amino acid position	HLA-B	HLA-B	180	AA_B_180_31431931_Q	31323952	Gln present	Gln absent
Amino acid position	HLA-B	HLA-B	180	AA_B_180_31431931_x	31323952	deletion present	deletion absent
Amino acid position	HLA-B	HLA-B	178	AA_B_178_31431937_K	31323958	Lys present	Lys absent
Amino acid position	HLA-B	HLA-B	178	AA_B_178_31431937_T	31323958	Thr present	Thr absent
Amino acid position	HLA-B	HLA-B	178	AA_B_178_31431937_x	31323958	deletion present	deletion absent
Amino acid position	HLA-B	HLA-B	177	AA_B_177_31431940_D	31323961	Asp present	Asp absent
Amino acid position	HLA-B	HLA-B	177	AA_B_177_31431940_E	31323961	Glu present	Glu absent
Amino acid position	HLA-B	HLA-B	177	AA_B_177_31431940_x	31323961	deletion present	deletion absent
Amino acid position	HLA-B	HLA-B	171	AA_B_171_31431958_H	31323979	His present	His absent
Amino acid position	HLA-B	HLA-B	171	AA_B_171_31431958_Y	31323979	Tyr present	Tyr absent
Amino acid position	HLA-B	HLA-B	171	AA_B_171_31431958_x	31323979	deletion present	deletion absent
Amino acid position	HLA-B	HLA-B	167	AA_B_167_31431970_S	31323991	Ser present	Ser absent
Amino acid position	HLA-B	HLA-B	167	AA_B_167_31431970_W	31323991	Trp present	Trp absent
Amino acid position	HLA-B	HLA-B	167	AA_B_167_31431970_x	31323991	deletion present	deletion absent
Amino acid position	HLA-B	HLA-B	166	AA_B_166_31431973_E	31323994	Glu present	Glu absent
Amino acid position	HLA-B	HLA-B	166	AA_B_166_31431973_x	31323994	deletion present	deletion absent
Amino acid position	HLA-B	HLA-B	163	AA_B_163_31431982_E	31324003	Glu present	Glu absent
Amino acid position	HLA-B	HLA-B	163	AA_B_163_31431982_EL	31324003	Glu/Leu present	Glu/Leu absent
Amino acid position	HLA-B	HLA-B	163	AA_B_163_31431982_ET	31324003	Glu/Thr present	Glu/Thr absent
Amino acid position	HLA-B	HLA-B	163	AA_B_163_31431982_Ex	31324003	Glu/deletion present	Glu/deletion absent
Amino acid position	HLA-B	HLA-B	163	AA_B_163_31431982_L	31324003	Leu present	Leu absent
Amino acid position	HLA-B	HLA-B	163	AA_B_163_31431982_T	31324003	Thr present	Thr absent
Amino acid position	HLA-B	HLA-B	163	AA_B_163_31431982_x	31324003	deletion present	deletion absent
Amino acid position	HLA-B	HLA-B	162	AA_B_162_31431985_G	31324006	Gly present	Gly absent
Amino acid position	HLA-B	HLA-B	162	AA_B_162_31431985_x	31324006	deletion present	deletion absent
Amino acid position	HLA-B	HLA-B	158	AA_B_158_31431997_A	31324018	Ala present	Ala absent
Amino acid position	HLA-B	HLA-B	158	AA_B_158_31431997_T	31324018	Thr present	Thr absent
Amino acid position	HLA-B	HLA-B	158	AA_B_158_31431997_x	31324018	deletion present	deletion absent
Amino acid position	HLA-B	HLA-B	156	AA_B_156_31432003_D	31324024	Asp present	Asp absent
Amino acid position	HLA-B	HLA-B	156	AA_B_156_31432003_DL	31324024	Asp/Leu present	Asp/Leu absent
Amino acid position	HLA-B	HLA-B	156	AA_B_156_31432003_DW	31324024	Asp/Trp present	Asp/Trp absent
Amino acid position	HLA-B	HLA-B	156	AA_B_156_31432003_Dx	31324024	Asp/deletion present	Asp/deletion absent
Amino acid position	HLA-B	HLA-B	156	AA_B_156_31432003_L	31324024	Leu present	Leu absent
Amino acid position	HLA-B	HLA-B	156	AA_B_156_31432003_LW	31324024	Leu/Trp present	Leu/Trp absent
Amino acid position	HLA-B	HLA-B	156	AA_B_156_31432003_Lx	31324024	Leu/deletion present	Leu/deletion absent
Amino acid position	HLA-B	HLA-B	156	AA_B_156_31432003_R	31324024	Arg present	Arg absent
Amino acid position	HLA-B	HLA-B	156	AA_B_156_31432003_RD	31324024	Arg/Asp present	Arg/Asp absent
Amino acid position	HLA-B	HLA-B	156	AA_B_156_31432003_RL	31324024	Arg/Leu present	Arg/Leu absent
Amino acid position	HLA-B	HLA-B	156	AA_B_156_31432003_RW	31324024	Arg/Trp present	Arg/Trp absent
Amino acid position	HLA-B	HLA-B	156	AA_B_156_31432003_Rx	31324024	Arg/deletion present	Arg/deletion absent
Amino acid position	HLA-B	HLA-B	156	AA_B_156_31432003_W	31324024	Trp present	Trp absent
Amino acid position	HLA-B	HLA-B	156	AA_B_156_31432003_Wx	31324024	Trp/deletion present	Trp/deletion absent
Amino acid position	HLA-B	HLA-B	156	AA_B_156_31432003_x	31324024	deletion present	deletion absent
Amino acid position	HLA-B	HLA-B	152	AA_B_152_31432015_E	31324036	Glu present	Glu absent
Amino acid position	HLA-B	HLA-B	152	AA_B_152_31432015_V	31324036	Val present	Val absent
Amino acid position	HLA-B	HLA-B	152	AA_B_152_31432015_x	31324036	deletion present	deletion absent
Amino acid position	HLA-B	HLA-B	147	AA_B_147_31432030_L	31324051	Leu present	Leu absent
Amino acid position	HLA-B	HLA-B	147	AA_B_147_31432030_W	31324051	Trp present	Trp absent
Amino acid position	HLA-B	HLA-B	147	AA_B_147_31432030_x	31324051	deletion present	deletion absent
Amino acid position	HLA-B	HLA-B	145	AA_B_145_31432036_L	31324057	Leu present	Leu absent
Amino acid position	HLA-B	HLA-B	145	AA_B_145_31432036_R	31324057	Arg present	Arg absent
Amino acid position	HLA-B	HLA-B	145	AA_B_145_31432036_x	31324057	deletion present	deletion absent
Amino acid position	HLA-B	HLA-B	143	AA_B_143_31432042_S	31324063	Ser present	Ser absent
Amino acid position	HLA-B	HLA-B	143	AA_B_143_31432042_T	31324063	Thr present	Thr absent
Amino acid position	HLA-B	HLA-B	143	AA_B_143_31432042_x	31324063	deletion present	deletion absent
Amino acid position	HLA-B	HLA-B	131	AA_B_131_31432078_R	31324099	Arg present	Arg absent
Amino acid position	HLA-B	HLA-B	131	AA_B_131_31432078_S	31324099	Ser present	Ser absent
Amino acid position	HLA-B	HLA-B	131	AA_B_131_31432078_x	31324099	deletion present	deletion absent
Amino acid position	HLA-B	HLA-B	116	AA_B_116_31432123_D	31324144	Asp present	Asp absent
Amino acid position	HLA-B	HLA-B	116	AA_B_116_31432123_DL	31324144	Asp/Leu present	Asp/Leu absent
Amino acid position	HLA-B	HLA-B	116	AA_B_116_31432123_DS	31324144	Asp/Ser present	Asp/Ser absent
Amino acid position	HLA-B	HLA-B	116	AA_B_116_31432123_Dx	31324144	Asp/deletion present	Asp/deletion absent
Amino acid position	HLA-B	HLA-B	116	AA_B_116_31432123_F	31324144	Phe present	Phe absent
Amino acid position	HLA-B	HLA-B	116	AA_B_116_31432123_FD	31324144	Phe/Asp present	Phe/Asp absent
Amino acid position	HLA-B	HLA-B	116	AA_B_116_31432123_FL	31324144	Phe/Leu present	Phe/Leu absent
Amino acid position	HLA-B	HLA-B	116	AA_B_116_31432123_FS	31324144	Phe/Ser present	Phe/Ser absent
Amino acid position	HLA-B	HLA-B	116	AA_B_116_31432123_Fx	31324144	Phe/deletion present	Phe/deletion absent
Amino acid position	HLA-B	HLA-B	116	AA_B_116_31432123_L	31324144	Leu present	Leu absent
Amino acid position	HLA-B	HLA-B	116	AA_B_116_31432123_LS	31324144	Leu/Ser present	Leu/Ser absent
Amino acid position	HLA-B	HLA-B	116	AA_B_116_31432123_Lx	31324144	Leu/deletion present	Leu/deletion absent
Amino acid position	HLA-B	HLA-B	116	AA_B_116_31432123_S	31324144	Ser present	Ser absent
Amino acid position	HLA-B	HLA-B	116	AA_B_116_31432123_Sx	31324144	Ser/deletion present	Ser/deletion absent
Amino acid position	HLA-B	HLA-B	116	AA_B_116_31432123_Y	31324144	Tyr present	Tyr absent
Amino acid position	HLA-B	HLA-B	116	AA_B_116_31432123_YD	31324144	Tyr/Asp present	Tyr/Asp absent
Amino acid position	HLA-B	HLA-B	116	AA_B_116_31432123_YDL	31324144	Tyr/Asp/Leu present	Tyr/Asp/Leu absent
Amino acid position	HLA-B	HLA-B	116	AA_B_116_31432123_YDS	31324144	Tyr/Asp/Ser present	Tyr/Asp/Ser absent
Amino acid position	HLA-B	HLA-B	116	AA_B_116_31432123_YDx	31324144	Tyr/Asp/deletion present	Tyr/Asp/deletion absent
Amino acid position	HLA-B	HLA-B	116	AA_B_116_31432123_YF	31324144	Tyr/Phe present	Tyr/Phe absent
Amino acid position	HLA-B	HLA-B	116	AA_B_116_31432123_YFD	31324144	Tyr/Phe/Asp present	Tyr/Phe/Asp absent
Amino acid position	HLA-B	HLA-B	116	AA_B_116_31432123_YFL	31324144	Tyr/Phe/Leu present	Tyr/Phe/Leu absent
Amino acid position	HLA-B	HLA-B	116	AA_B_116_31432123_YFS	31324144	Tyr/Phe/Ser present	Tyr/Phe/Ser absent
Amino acid position	HLA-B	HLA-B	116	AA_B_116_31432123_YFx	31324144	Tyr/Phe/deletion present	Tyr/Phe/deletion absent
Amino acid position	HLA-B	HLA-B	116	AA_B_116_31432123_YL	31324144	Tyr/Leu present	Tyr/Leu absent
Amino acid position	HLA-B	HLA-B	116	AA_B_116_31432123_YLS	31324144	Tyr/Leu/Ser present	Tyr/Leu/Ser absent
Amino acid position	HLA-B	HLA-B	116	AA_B_116_31432123_YLx	31324144	Tyr/Leu/deletion present	Tyr/Leu/deletion absent
Amino acid position	HLA-B	HLA-B	116	AA_B_116_31432123_YS	31324144	Tyr/Ser present	Tyr/Ser absent
Amino acid position	HLA-B	HLA-B	116	AA_B_116_31432123_YSx	31324144	Tyr/Ser/deletion present	Tyr/Ser/deletion absent
Amino acid position	HLA-B	HLA-B	116	AA_B_116_31432123_Yx	31324144	Tyr/deletion present	Tyr/deletion absent
Amino acid position	HLA-B	HLA-B	116	AA_B_116_31432123_x	31324144	deletion present	deletion absent
Amino acid position	HLA-B	HLA-B	114	AA_B_114_31432129_D	31324150	Asp present	Asp absent
Amino acid position	HLA-B	HLA-B	114	AA_B_114_31432129_DH	31324150	Asp/His present	Asp/His absent
Amino acid position	HLA-B	HLA-B	114	AA_B_114_31432129_DK	31324150	Asp/Lys present	Asp/Lys absent
Amino acid position	HLA-B	HLA-B	114	AA_B_114_31432129_DN	31324150	Asp/Asn present	Asp/Asn absent
Amino acid position	HLA-B	HLA-B	114	AA_B_114_31432129_Dx	31324150	Asp/deletion present	Asp/deletion absent
Amino acid position	HLA-B	HLA-B	114	AA_B_114_31432129_H	31324150	His present	His absent
Amino acid position	HLA-B	HLA-B	114	AA_B_114_31432129_HK	31324150	His/Lys present	His/Lys absent
Amino acid position	HLA-B	HLA-B	114	AA_B_114_31432129_Hx	31324150	His/deletion present	His/deletion absent
Amino acid position	HLA-B	HLA-B	114	AA_B_114_31432129_N	31324150	Asn present	Asn absent
Amino acid position	HLA-B	HLA-B	114	AA_B_114_31432129_NH	31324150	Asn/His present	Asn/His absent
Amino acid position	HLA-B	HLA-B	114	AA_B_114_31432129_NK	31324150	Asn/Lys present	Asn/Lys absent
Amino acid position	HLA-B	HLA-B	114	AA_B_114_31432129_Nx	31324150	Asn/deletion present	Asn/deletion absent
Amino acid position	HLA-B	HLA-B	114	AA_B_114_31432129_x	31324150	deletion present	deletion absent
Amino acid position	HLA-B	HLA-B	114	AA_B_114_31432129_xK	31324150	deletion/Lys present	deletion/Lys absent
Amino acid position	HLA-B	HLA-B	113	AA_B_113_31432132_H	31324153	His present	His absent
Amino acid position	HLA-B	HLA-B	113	AA_B_113_31432132_Y	31324153	Tyr present	Tyr absent
Amino acid position	HLA-B	HLA-B	113	AA_B_113_31432132_x	31324153	deletion present	deletion absent
Amino acid position	HLA-B	HLA-B	109	AA_B_109_31432144_F	31324165	Phe present	Phe absent
Amino acid position	HLA-B	HLA-B	109	AA_B_109_31432144_L	31324165	Leu present	Leu absent
Amino acid position	HLA-B	HLA-B	109	AA_B_109_31432144_x	31324165	deletion present	deletion absent
Amino acid position	HLA-B	HLA-B	103	AA_B_103_31432162_L	31324183	Leu present	Leu absent
Amino acid position	HLA-B	HLA-B	103	AA_B_103_31432162_M	31324183	Met present	Met absent
Amino acid position	HLA-B	HLA-B	103	AA_B_103_31432162_V	31324183	Val present	Val absent
Amino acid position	HLA-B	HLA-B	103	AA_B_103_31432162_VL	31324183	Val/Leu present	Val/Leu absent
Amino acid position	HLA-B	HLA-B	103	AA_B_103_31432162_VM	31324183	Val/Met present	Val/Met absent
Amino acid position	HLA-B	HLA-B	103	AA_B_103_31432162_Vx	31324183	Val/deletion present	Val/deletion absent
Amino acid position	HLA-B	HLA-B	103	AA_B_103_31432162_x	31324183	deletion present	deletion absent
Amino acid position	HLA-B	HLA-B	99	AA_B_99_31432174_F	31324195	Phe present	Phe absent
Amino acid position	HLA-B	HLA-B	99	AA_B_99_31432174_S	31324195	Ser present	Ser absent
Amino acid position	HLA-B	HLA-B	99	AA_B_99_31432174_X	31324195	X present	X absent
Amino acid position	HLA-B	HLA-B	99	AA_B_99_31432174_Y	31324195	Tyr present	Tyr absent
Amino acid position	HLA-B	HLA-B	99	AA_B_99_31432174_YF	31324195	Tyr/Phe present	Tyr/Phe absent
Amino acid position	HLA-B	HLA-B	99	AA_B_99_31432174_YS	31324195	Tyr/Ser present	Tyr/Ser absent
Amino acid position	HLA-B	HLA-B	99	AA_B_99_31432174_YX	31324195	Tyr/X present	Tyr/X absent
Amino acid position	HLA-B	HLA-B	97	AA_B_97_31432180_N	31324201	Asn present	Asn absent
Amino acid position	HLA-B	HLA-B	97	AA_B_97_31432180_NV	31324201	Asn/Val present	Asn/Val absent
Amino acid position	HLA-B	HLA-B	97	AA_B_97_31432180_R	31324201	Arg present	Arg absent
Amino acid position	HLA-B	HLA-B	97	AA_B_97_31432180_RN	31324201	Arg/Asn present	Arg/Asn absent
Amino acid position	HLA-B	HLA-B	97	AA_B_97_31432180_RT	31324201	Arg/Thr present	Arg/Thr absent
Amino acid position	HLA-B	HLA-B	97	AA_B_97_31432180_RV	31324201	Arg/Val present	Arg/Val absent
Amino acid position	HLA-B	HLA-B	97	AA_B_97_31432180_RW	31324201	Arg/Trp present	Arg/Trp absent
Amino acid position	HLA-B	HLA-B	97	AA_B_97_31432180_S	31324201	Ser present	Ser absent
Amino acid position	HLA-B	HLA-B	97	AA_B_97_31432180_SN	31324201	Ser/Asn present	Ser/Asn absent
Amino acid position	HLA-B	HLA-B	97	AA_B_97_31432180_SNV	31324201	Ser/Asn/Val present	Ser/Asn/Val absent
Amino acid position	HLA-B	HLA-B	97	AA_B_97_31432180_SR	31324201	Ser/Arg present	Ser/Arg absent
Amino acid position	HLA-B	HLA-B	97	AA_B_97_31432180_SRN	31324201	Ser/Arg/Asn present	Ser/Arg/Asn absent
Amino acid position	HLA-B	HLA-B	97	AA_B_97_31432180_SRT	31324201	Ser/Arg/Thr present	Ser/Arg/Thr absent
Amino acid position	HLA-B	HLA-B	97	AA_B_97_31432180_SRV	31324201	Ser/Arg/Val present	Ser/Arg/Val absent
Amino acid position	HLA-B	HLA-B	97	AA_B_97_31432180_SRW	31324201	Ser/Arg/Trp present	Ser/Arg/Trp absent
Amino acid position	HLA-B	HLA-B	97	AA_B_97_31432180_ST	31324201	Ser/Thr present	Ser/Thr absent
Amino acid position	HLA-B	HLA-B	97	AA_B_97_31432180_STN	31324201	Ser/Thr/Asn present	Ser/Thr/Asn absent
Amino acid position	HLA-B	HLA-B	97	AA_B_97_31432180_STV	31324201	Ser/Thr/Val present	Ser/Thr/Val absent
Amino acid position	HLA-B	HLA-B	97	AA_B_97_31432180_STW	31324201	Ser/Thr/Trp present	Ser/Thr/Trp absent
Amino acid position	HLA-B	HLA-B	97	AA_B_97_31432180_SV	31324201	Ser/Val present	Ser/Val absent
Amino acid position	HLA-B	HLA-B	97	AA_B_97_31432180_SW	31324201	Ser/Trp present	Ser/Trp absent
Amino acid position	HLA-B	HLA-B	97	AA_B_97_31432180_SWN	31324201	Ser/Trp/Asn present	Ser/Trp/Asn absent
Amino acid position	HLA-B	HLA-B	97	AA_B_97_31432180_SWV	31324201	Ser/Trp/Val present	Ser/Trp/Val absent
Amino acid position	HLA-B	HLA-B	97	AA_B_97_31432180_T	31324201	Thr present	Thr absent
Amino acid position	HLA-B	HLA-B	97	AA_B_97_31432180_TN	31324201	Thr/Asn present	Thr/Asn absent
Amino acid position	HLA-B	HLA-B	97	AA_B_97_31432180_TV	31324201	Thr/Val present	Thr/Val absent
Amino acid position	HLA-B	HLA-B	97	AA_B_97_31432180_TW	31324201	Thr/Trp present	Thr/Trp absent
Amino acid position	HLA-B	HLA-B	97	AA_B_97_31432180_V	31324201	Val present	Val absent
Amino acid position	HLA-B	HLA-B	97	AA_B_97_31432180_W	31324201	Trp present	Trp absent
Amino acid position	HLA-B	HLA-B	97	AA_B_97_31432180_WN	31324201	Trp/Asn present	Trp/Asn absent
Amino acid position	HLA-B	HLA-B	97	AA_B_97_31432180_WV	31324201	Trp/Val present	Trp/Val absent
Amino acid position	HLA-B	HLA-B	95	AA_B_95_31432186_I	31324207	Ile present	Ile absent
Amino acid position	HLA-B	HLA-B	95	AA_B_95_31432186_L	31324207	Leu present	Leu absent
Amino acid position	HLA-B	HLA-B	95	AA_B_95_31432186_W	31324207	Trp present	Trp absent
Amino acid position	HLA-B	HLA-B	94	AA_B_94_31432189	31324210	Ile	Thr
Amino acid position	HLA-B	HLA-B	90	AA_B_90_31432446	31324467	Asp	Ala
Amino acid position	HLA-B	HLA-B	83	AA_B_83_31432467	31324488	Arg	Gly
Amino acid position	HLA-B	HLA-B	82	AA_B_82_31432470	31324491	Leu	Arg
Amino acid position	HLA-B	HLA-B	81	AA_B_81_31432473	31324494	Ala	Leu
Amino acid position	HLA-B	HLA-B	80	AA_B_80_31432476_I	31324497	Ile present	Ile absent
Amino acid position	HLA-B	HLA-B	80	AA_B_80_31432476_N	31324497	Asn present	Asn absent
Amino acid position	HLA-B	HLA-B	80	AA_B_80_31432476_T	31324497	Thr present	Thr absent
Amino acid position	HLA-B	HLA-B	77	AA_B_77_31432485_D	31324506	Asp present	Asp absent
Amino acid position	HLA-B	HLA-B	77	AA_B_77_31432485_G	31324506	Gly present	Gly absent
Amino acid position	HLA-B	HLA-B	77	AA_B_77_31432485_N	31324506	Asn present	Asn absent
Amino acid position	HLA-B	HLA-B	77	AA_B_77_31432485_S	31324506	Ser present	Ser absent
Amino acid position	HLA-B	HLA-B	77	AA_B_77_31432485_SD	31324506	Ser/Asp present	Ser/Asp absent
Amino acid position	HLA-B	HLA-B	77	AA_B_77_31432485_SG	31324506	Ser/Gly present	Ser/Gly absent
Amino acid position	HLA-B	HLA-B	77	AA_B_77_31432485_SN	31324506	Ser/Asn present	Ser/Asn absent
Amino acid position	HLA-B	HLA-B	76	AA_B_76_31432488	31324509	Val	Glu
Amino acid position	HLA-B	HLA-B	74	AA_B_74_31432494	31324515	Asp	Tyr
Amino acid position	HLA-B	HLA-B	71	AA_B_71_31432503	31324524	Ala	Thr
Amino acid position	HLA-B	HLA-B	70	AA_B_70_31432506_K	31324527	Lys present	Lys absent
Amino acid position	HLA-B	HLA-B	70	AA_B_70_31432506_N	31324527	Asn present	Asn absent
Amino acid position	HLA-B	HLA-B	70	AA_B_70_31432506_Q	31324527	Gln present	Gln absent
Amino acid position	HLA-B	HLA-B	70	AA_B_70_31432506_QK	31324527	Gln/Lys present	Gln/Lys absent
Amino acid position	HLA-B	HLA-B	70	AA_B_70_31432506_QN	31324527	Gln/Asn present	Gln/Asn absent
Amino acid position	HLA-B	HLA-B	70	AA_B_70_31432506_QS	31324527	Gln/Ser present	Gln/Ser absent
Amino acid position	HLA-B	HLA-B	70	AA_B_70_31432506_S	31324527	Ser present	Ser absent
Amino acid position	HLA-B	HLA-B	69	AA_B_69_31432509_A	31324530	Ala present	Ala absent
Amino acid position	HLA-B	HLA-B	69	AA_B_69_31432509_R	31324530	Arg present	Arg absent
Amino acid position	HLA-B	HLA-B	69	AA_B_69_31432509_T	31324530	Thr present	Thr absent
Amino acid position	HLA-B	HLA-B	67	AA_B_67_31432515_C	31324536	Cys present	Cys absent
Amino acid position	HLA-B	HLA-B	67	AA_B_67_31432515_CM	31324536	Cys/Met present	Cys/Met absent
Amino acid position	HLA-B	HLA-B	67	AA_B_67_31432515_F	31324536	Phe present	Phe absent
Amino acid position	HLA-B	HLA-B	67	AA_B_67_31432515_FC	31324536	Phe/Cys present	Phe/Cys absent
Amino acid position	HLA-B	HLA-B	67	AA_B_67_31432515_FM	31324536	Phe/Met present	Phe/Met absent
Amino acid position	HLA-B	HLA-B	67	AA_B_67_31432515_FS	31324536	Phe/Ser present	Phe/Ser absent
Amino acid position	HLA-B	HLA-B	67	AA_B_67_31432515_M	31324536	Met present	Met absent
Amino acid position	HLA-B	HLA-B	67	AA_B_67_31432515_S	31324536	Ser present	Ser absent
Amino acid position	HLA-B	HLA-B	67	AA_B_67_31432515_SC	31324536	Ser/Cys present	Ser/Cys absent
Amino acid position	HLA-B	HLA-B	67	AA_B_67_31432515_SM	31324536	Ser/Met present	Ser/Met absent
Amino acid position	HLA-B	HLA-B	67	AA_B_67_31432515_Y	31324536	Tyr present	Tyr absent
Amino acid position	HLA-B	HLA-B	67	AA_B_67_31432515_YC	31324536	Tyr/Cys present	Tyr/Cys absent
Amino acid position	HLA-B	HLA-B	67	AA_B_67_31432515_YF	31324536	Tyr/Phe present	Tyr/Phe absent
Amino acid position	HLA-B	HLA-B	67	AA_B_67_31432515_YM	31324536	Tyr/Met present	Tyr/Met absent
Amino acid position	HLA-B	HLA-B	67	AA_B_67_31432515_YS	31324536	Tyr/Ser present	Tyr/Ser absent
Amino acid position	HLA-B	HLA-B	66	AA_B_66_31432518_I	31324539	Ile present	Ile absent
Amino acid position	HLA-B	HLA-B	66	AA_B_66_31432518_K	31324539	Lys present	Lys absent
Amino acid position	HLA-B	HLA-B	66	AA_B_66_31432518_N	31324539	Asn present	Asn absent
Amino acid position	HLA-B	HLA-B	65	AA_B_65_31432521	31324542	Arg	Gln
Amino acid position	HLA-B	HLA-B	63	AA_B_63_31432527	31324548	Glu	Asn
Amino acid position	HLA-B	HLA-B	62	AA_B_62_31432530	31324551	Gly	Arg
Amino acid position	HLA-B	HLA-B	59	AA_B_59_31432539	31324560	His	Tyr
Amino acid position	HLA-B	HLA-B	52	AA_B_52_31432560	31324581	Val	Ile
Amino acid position	HLA-B	HLA-B	46	AA_B_46_31432578	31324599	Ala	Glu
Amino acid position	HLA-B	HLA-B	45	AA_B_45_31432581_E	31324602	Glu present	Glu absent
Amino acid position	HLA-B	HLA-B	45	AA_B_45_31432581_EG	31324602	Glu/Gly present	Glu/Gly absent
Amino acid position	HLA-B	HLA-B	45	AA_B_45_31432581_EK	31324602	Glu/Lys present	Glu/Lys absent
Amino acid position	HLA-B	HLA-B	45	AA_B_45_31432581_EM	31324602	Glu/Met present	Glu/Met absent
Amino acid position	HLA-B	HLA-B	45	AA_B_45_31432581_ET	31324602	Glu/Thr present	Glu/Thr absent
Amino acid position	HLA-B	HLA-B	45	AA_B_45_31432581_G	31324602	Gly present	Gly absent
Amino acid position	HLA-B	HLA-B	45	AA_B_45_31432581_K	31324602	Lys present	Lys absent
Amino acid position	HLA-B	HLA-B	45	AA_B_45_31432581_KG	31324602	Lys/Gly present	Lys/Gly absent
Amino acid position	HLA-B	HLA-B	45	AA_B_45_31432581_KM	31324602	Lys/Met present	Lys/Met absent
Amino acid position	HLA-B	HLA-B	45	AA_B_45_31432581_M	31324602	Met present	Met absent
Amino acid position	HLA-B	HLA-B	45	AA_B_45_31432581_MG	31324602	Met/Gly present	Met/Gly absent
Amino acid position	HLA-B	HLA-B	45	AA_B_45_31432581_T	31324602	Thr present	Thr absent
Amino acid position	HLA-B	HLA-B	45	AA_B_45_31432581_TG	31324602	Thr/Gly present	Thr/Gly absent
Amino acid position	HLA-B	HLA-B	45	AA_B_45_31432581_TK	31324602	Thr/Lys present	Thr/Lys absent
Amino acid position	HLA-B	HLA-B	45	AA_B_45_31432581_TM	31324602	Thr/Met present	Thr/Met absent
Amino acid position	HLA-B	HLA-B	41	AA_B_41_31432593	31324614	Thr	Ala
Amino acid position	HLA-B	HLA-B	32	AA_B_32_31432620	31324641	Leu	Gln
Amino acid position	HLA-B	HLA-B	30	AA_B_30_31432626	31324647	Gly	Asp
Amino acid position	HLA-B	HLA-B	24	AA_B_24_31432644_A	31324665	Ala present	Ala absent
Amino acid position	HLA-B	HLA-B	24	AA_B_24_31432644_S	31324665	Ser present	Ser absent
Amino acid position	HLA-B	HLA-B	24	AA_B_24_31432644_T	31324665	Thr present	Thr absent
Amino acid position	HLA-B	HLA-B	12	AA_B_12_31432680	31324701	Val	Met
Amino acid position	HLA-B	HLA-B	11	AA_B_11_31432683	31324704	Ser	Ala
Amino acid position	HLA-B	HLA-B	9	AA_B_9_31432689_D	31324710	Asp present	Asp absent
Amino acid position	HLA-B	HLA-B	9	AA_B_9_31432689_H	31324710	His present	His absent
Amino acid position	HLA-B	HLA-B	9	AA_B_9_31432689_Y	31324710	Tyr present	Tyr absent
Amino acid position	HLA-B	HLA-B	4	AA_B_4_31432704	31324725	Phe	Ser
Amino acid position	HLA-DRB1	HLA-DRβ1	233	AA_DRB1_233_32656004_R	32548026	Arg present	Arg absent
Amino acid position	HLA-DRB1	HLA-DRβ1	233	AA_DRB1_233_32656004_T	32548026	Thr present	Thr absent
Amino acid position	HLA-DRB1	HLA-DRβ1	233	AA_DRB1_233_32656004_x	32548026	deletion present	deletion absent
Amino acid position	HLA-DRB1	HLA-DRβ1	231	AA_DRB1_231_32656010_P	32548032	Pro present	Pro absent
Amino acid position	HLA-DRB1	HLA-DRβ1	231	AA_DRB1_231_32656010_Q	32548032	Gln present	Gln absent
Amino acid position	HLA-DRB1	HLA-DRβ1	231	AA_DRB1_231_32656010_x	32548032	deletion present	deletion absent
Amino acid position	HLA-DRB1	HLA-DRβ1	189	AA_DRB1_189_32656611_R	32548633	Arg present	Arg absent
Amino acid position	HLA-DRB1	HLA-DRβ1	189	AA_DRB1_189_32656611_S	32548633	Ser present	Ser absent
Amino acid position	HLA-DRB1	HLA-DRβ1	189	AA_DRB1_189_32656611_x	32548633	deletion present	deletion absent
Amino acid position	HLA-DRB1	HLA-DRβ1	181	AA_DRB1_181_32657335_M	32549357	Met present	Met absent
Amino acid position	HLA-DRB1	HLA-DRβ1	181	AA_DRB1_181_32657335_T	32549357	Thr present	Thr absent
Amino acid position	HLA-DRB1	HLA-DRβ1	181	AA_DRB1_181_32657335_x	32549357	deletion present	deletion absent
Amino acid position	HLA-DRB1	HLA-DRβ1	180	AA_DRB1_180_32657338_L	32549360	Leu present	Leu absent
Amino acid position	HLA-DRB1	HLA-DRβ1	180	AA_DRB1_180_32657338_V	32549360	Val present	Val absent
Amino acid position	HLA-DRB1	HLA-DRβ1	180	AA_DRB1_180_32657338_x	32549360	deletion present	deletion absent
Amino acid position	HLA-DRB1	HLA-DRβ1	166	AA_DRB1_166_32657380_Q	32549402	Gln present	Gln absent
Amino acid position	HLA-DRB1	HLA-DRβ1	166	AA_DRB1_166_32657380_R	32549402	Arg present	Arg absent
Amino acid position	HLA-DRB1	HLA-DRβ1	166	AA_DRB1_166_32657380_x	32549402	deletion present	deletion absent
Amino acid position	HLA-DRB1	HLA-DRβ1	149	AA_DRB1_149_32657431_H	32549453	His present	His absent
Amino acid position	HLA-DRB1	HLA-DRβ1	149	AA_DRB1_149_32657431_Q	32549453	Gln present	Gln absent
Amino acid position	HLA-DRB1	HLA-DRβ1	149	AA_DRB1_149_32657431_x	32549453	deletion present	deletion absent
Amino acid position	HLA-DRB1	HLA-DRβ1	142	AA_DRB1_142_32657452_M	32549474	Met present	Met absent
Amino acid position	HLA-DRB1	HLA-DRβ1	142	AA_DRB1_142_32657452_V	32549474	Val present	Val absent
Amino acid position	HLA-DRB1	HLA-DRβ1	142	AA_DRB1_142_32657452_x	32549474	deletion present	deletion absent
Amino acid position	HLA-DRB1	HLA-DRβ1	140	AA_DRB1_140_32657458_A	32549480	Ala present	Ala absent
Amino acid position	HLA-DRB1	HLA-DRβ1	140	AA_DRB1_140_32657458_T	32549480	Thr present	Thr absent
Amino acid position	HLA-DRB1	HLA-DRβ1	140	AA_DRB1_140_32657458_x	32549480	deletion present	deletion absent
Amino acid position	HLA-DRB1	HLA-DRβ1	133	AA_DRB1_133_32657479_L	32549501	Leu present	Leu absent
Amino acid position	HLA-DRB1	HLA-DRβ1	133	AA_DRB1_133_32657479_R	32549501	Arg present	Arg absent
Amino acid position	HLA-DRB1	HLA-DRβ1	133	AA_DRB1_133_32657479_x	32549501	deletion present	deletion absent
Amino acid position	HLA-DRB1	HLA-DRβ1	120	AA_DRB1_120_32657518_N	32549540	Asn present	Asn absent
Amino acid position	HLA-DRB1	HLA-DRβ1	120	AA_DRB1_120_32657518_S	32549540	Ser present	Ser absent
Amino acid position	HLA-DRB1	HLA-DRβ1	120	AA_DRB1_120_32657518_x	32549540	deletion present	deletion absent
Amino acid position	HLA-DRB1	HLA-DRβ1	112	AA_DRB1_112_32657542_H	32549564	His present	His absent
Amino acid position	HLA-DRB1	HLA-DRβ1	112	AA_DRB1_112_32657542_Y	32549564	Tyr present	Tyr absent
Amino acid position	HLA-DRB1	HLA-DRβ1	112	AA_DRB1_112_32657542_x	32549564	deletion present	deletion absent
Amino acid position	HLA-DRB1	HLA-DRβ1	104	AA_DRB1_104_32657566_A	32549588	Ala present	Ala absent
Amino acid position	HLA-DRB1	HLA-DRβ1	104	AA_DRB1_104_32657566_S	32549588	Ser present	Ser absent
Amino acid position	HLA-DRB1	HLA-DRβ1	104	AA_DRB1_104_32657566_x	32549588	deletion present	deletion absent
Amino acid position	HLA-DRB1	HLA-DRβ1	98	AA_DRB1_98_32657584_E	32549606	Glu present	Glu absent
Amino acid position	HLA-DRB1	HLA-DRβ1	98	AA_DRB1_98_32657584_K	32549606	Lys present	Lys absent
Amino acid position	HLA-DRB1	HLA-DRβ1	98	AA_DRB1_98_32657584_x	32549606	deletion present	deletion absent
Amino acid position	HLA-DRB1	HLA-DRβ1	96	AA_DRB1_96_32657590_E	32549612	Glu present	Glu absent
Amino acid position	HLA-DRB1	HLA-DRβ1	96	AA_DRB1_96_32657590_Ex	32549612	Glu/deletion present	Glu/deletion absent
Amino acid position	HLA-DRB1	HLA-DRβ1	96	AA_DRB1_96_32657590_H	32549612	His present	His absent
Amino acid position	HLA-DRB1	HLA-DRβ1	96	AA_DRB1_96_32657590_HE	32549612	His/Glu present	His/Glu absent
Amino acid position	HLA-DRB1	HLA-DRβ1	96	AA_DRB1_96_32657590_HQ	32549612	His/Gln present	His/Gln absent
Amino acid position	HLA-DRB1	HLA-DRβ1	96	AA_DRB1_96_32657590_HY	32549612	His/Tyr present	His/Tyr absent
Amino acid position	HLA-DRB1	HLA-DRβ1	96	AA_DRB1_96_32657590_Hx	32549612	His/deletion present	His/deletion absent
Amino acid position	HLA-DRB1	HLA-DRβ1	96	AA_DRB1_96_32657590_Q	32549612	Gln present	Gln absent
Amino acid position	HLA-DRB1	HLA-DRβ1	96	AA_DRB1_96_32657590_QE	32549612	Gln/Glu present	Gln/Glu absent
Amino acid position	HLA-DRB1	HLA-DRβ1	96	AA_DRB1_96_32657590_QY	32549612	Gln/Tyr present	Gln/Tyr absent
Amino acid position	HLA-DRB1	HLA-DRβ1	96	AA_DRB1_96_32657590_Qx	32549612	Gln/deletion present	Gln/deletion absent
Amino acid position	HLA-DRB1	HLA-DRβ1	96	AA_DRB1_96_32657590_Y	32549612	Tyr present	Tyr absent
Amino acid position	HLA-DRB1	HLA-DRβ1	96	AA_DRB1_96_32657590_YE	32549612	Tyr/Glu present	Tyr/Glu absent
Amino acid position	HLA-DRB1	HLA-DRβ1	96	AA_DRB1_96_32657590_Yx	32549612	Tyr/deletion present	Tyr/deletion absent
Amino acid position	HLA-DRB1	HLA-DRβ1	96	AA_DRB1_96_32657590_x	32549612	deletion present	deletion absent
Amino acid position	HLA-DRB1	HLA-DRβ1	86	AA_DRB1_86_32659890	32551912	Val	Gly
Amino acid position	HLA-DRB1	HLA-DRβ1	85	AA_DRB1_85_32659893	32551915	Ala	Val
Amino acid position	HLA-DRB1	HLA-DRβ1	78	AA_DRB1_78_32659914	32551936	Val	Tyr
Amino acid position	HLA-DRB1	HLA-DRβ1	77	AA_DRB1_77_32659917	32551939	Asn	Thr
Amino acid position	HLA-DRB1	HLA-DRβ1	74	AA_DRB1_74_32659926_A	32551948	Ala present	Ala absent
Amino acid position	HLA-DRB1	HLA-DRβ1	74	AA_DRB1_74_32659926_AE	32551948	Ala/Glu present	Ala/Glu absent
Amino acid position	HLA-DRB1	HLA-DRβ1	74	AA_DRB1_74_32659926_AL	32551948	Ala/Leu present	Ala/Leu absent
Amino acid position	HLA-DRB1	HLA-DRβ1	74	AA_DRB1_74_32659926_AQ	32551948	Ala/Gln present	Ala/Gln absent
Amino acid position	HLA-DRB1	HLA-DRβ1	74	AA_DRB1_74_32659926_E	32551948	Glu present	Glu absent
Amino acid position	HLA-DRB1	HLA-DRβ1	74	AA_DRB1_74_32659926_L	32551948	Leu present	Leu absent
Amino acid position	HLA-DRB1	HLA-DRβ1	74	AA_DRB1_74_32659926_LE	32551948	Leu/Glu present	Leu/Glu absent
Amino acid position	HLA-DRB1	HLA-DRβ1	74	AA_DRB1_74_32659926_Q	32551948	Gln present	Gln absent
Amino acid position	HLA-DRB1	HLA-DRβ1	74	AA_DRB1_74_32659926_QE	32551948	Gln/Glu present	Gln/Glu absent
Amino acid position	HLA-DRB1	HLA-DRβ1	74	AA_DRB1_74_32659926_QL	32551948	Gln/Leu present	Gln/Leu absent
Amino acid position	HLA-DRB1	HLA-DRβ1	74	AA_DRB1_74_32659926_R	32551948	Arg present	Arg absent
Amino acid position	HLA-DRB1	HLA-DRβ1	74	AA_DRB1_74_32659926_RA	32551948	Arg/Ala present	Arg/Ala absent
Amino acid position	HLA-DRB1	HLA-DRβ1	74	AA_DRB1_74_32659926_RE	32551948	Arg/Glu present	Arg/Glu absent
Amino acid position	HLA-DRB1	HLA-DRβ1	74	AA_DRB1_74_32659926_RL	32551948	Arg/Leu present	Arg/Leu absent
Amino acid position	HLA-DRB1	HLA-DRβ1	74	AA_DRB1_74_32659926_RQ	32551948	Arg/Gln present	Arg/Gln absent
Amino acid position	HLA-DRB1	HLA-DRβ1	73	AA_DRB1_73_32659929	32551951	Gly	Ala
Amino acid position	HLA-DRB1	HLA-DRβ1	71	AA_DRB1_71_32659935_A	32551957	Ala present	Ala absent
Amino acid position	HLA-DRB1	HLA-DRβ1	71	AA_DRB1_71_32659935_E	32551957	Glu present	Glu absent
Amino acid position	HLA-DRB1	HLA-DRβ1	71	AA_DRB1_71_32659935_K	32551957	Lys present	Lys absent
Amino acid position	HLA-DRB1	HLA-DRβ1	71	AA_DRB1_71_32659935_KA	32551957	Lys/Ala present	Lys/Ala absent
Amino acid position	HLA-DRB1	HLA-DRβ1	71	AA_DRB1_71_32659935_KE	32551957	Lys/Glu present	Lys/Glu absent
Amino acid position	HLA-DRB1	HLA-DRβ1	71	AA_DRB1_71_32659935_KR	32551957	Lys/Arg present	Lys/Arg absent
Amino acid position	HLA-DRB1	HLA-DRβ1	71	AA_DRB1_71_32659935_R	32551957	Arg present	Arg absent
Amino acid position	HLA-DRB1	HLA-DRβ1	70	AA_DRB1_70_32659938_D	32551960	Asp present	Asp absent
Amino acid position	HLA-DRB1	HLA-DRβ1	70	AA_DRB1_70_32659938_Q	32551960	Gln present	Gln absent
Amino acid position	HLA-DRB1	HLA-DRβ1	70	AA_DRB1_70_32659938_R	32551960	Arg present	Arg absent
Amino acid position	HLA-DRB1	HLA-DRβ1	67	AA_DRB1_67_32659947_F	32551969	Phe present	Phe absent
Amino acid position	HLA-DRB1	HLA-DRβ1	67	AA_DRB1_67_32659947_I	32551969	Ile present	Ile absent
Amino acid position	HLA-DRB1	HLA-DRβ1	67	AA_DRB1_67_32659947_L	32551969	Leu present	Leu absent
Amino acid position	HLA-DRB1	HLA-DRβ1	60	AA_DRB1_60_32659968_H	32551990	His present	His absent
Amino acid position	HLA-DRB1	HLA-DRβ1	60	AA_DRB1_60_32659968_S	32551990	Ser present	Ser absent
Amino acid position	HLA-DRB1	HLA-DRβ1	60	AA_DRB1_60_32659968_Y	32551990	Tyr present	Tyr absent
Amino acid position	HLA-DRB1	HLA-DRβ1	58	AA_DRB1_58_32659974_A	32551996	Ala present	Ala absent
Amino acid position	HLA-DRB1	HLA-DRβ1	58	AA_DRB1_58_32659974_E	32551996	Glu present	Glu absent
Amino acid position	HLA-DRB1	HLA-DRβ1	57	AA_DRB1_57_32659977_A	32551999	Ala present	Ala absent
Amino acid position	HLA-DRB1	HLA-DRβ1	57	AA_DRB1_57_32659977_D	32551999	Asp present	Asp absent
Amino acid position	HLA-DRB1	HLA-DRβ1	57	AA_DRB1_57_32659977_DA	32551999	Asp/Ala present	Asp/Ala absent
Amino acid position	HLA-DRB1	HLA-DRβ1	57	AA_DRB1_57_32659977_DS	32551999	Asp/Ser present	Asp/Ser absent
Amino acid position	HLA-DRB1	HLA-DRβ1	57	AA_DRB1_57_32659977_DV	32551999	Asp/Val present	Asp/Val absent
Amino acid position	HLA-DRB1	HLA-DRβ1	57	AA_DRB1_57_32659977_S	32551999	Ser present	Ser absent
Amino acid position	HLA-DRB1	HLA-DRβ1	57	AA_DRB1_57_32659977_V	32551999	Val present	Val absent
Amino acid position	HLA-DRB1	HLA-DRβ1	47	AA_DRB1_47_32660007	32552029	Phe	Tyr
Amino acid position	HLA-DRB1	HLA-DRβ1	40	AA_DRB1_40_32660028	32552050	Tyr	Phe
Amino acid position	HLA-DRB1	HLA-DRβ1	38	AA_DRB1_38_32660034_A	32552056	Ala present	Ala absent
Amino acid position	HLA-DRB1	HLA-DRβ1	38	AA_DRB1_38_32660034_L	32552056	Leu present	Leu absent
Amino acid position	HLA-DRB1	HLA-DRβ1	38	AA_DRB1_38_32660034_V	32552056	Val present	Val absent
Amino acid position	HLA-DRB1	HLA-DRβ1	37	AA_DRB1_37_32660037_F	32552059	Phe present	Phe absent
Amino acid position	HLA-DRB1	HLA-DRβ1	37	AA_DRB1_37_32660037_FL	32552059	Phe/Leu present	Phe/Leu absent
Amino acid position	HLA-DRB1	HLA-DRβ1	37	AA_DRB1_37_32660037_L	32552059	Leu present	Leu absent
Amino acid position	HLA-DRB1	HLA-DRβ1	37	AA_DRB1_37_32660037_N	32552059	Asn present	Asn absent
Amino acid position	HLA-DRB1	HLA-DRβ1	37	AA_DRB1_37_32660037_NF	32552059	Asn/Phe present	Asn/Phe absent
Amino acid position	HLA-DRB1	HLA-DRβ1	37	AA_DRB1_37_32660037_NL	32552059	Asn/Leu present	Asn/Leu absent
Amino acid position	HLA-DRB1	HLA-DRβ1	37	AA_DRB1_37_32660037_NS	32552059	Asn/Ser present	Asn/Ser absent
Amino acid position	HLA-DRB1	HLA-DRβ1	37	AA_DRB1_37_32660037_NY	32552059	Asn/Tyr present	Asn/Tyr absent
Amino acid position	HLA-DRB1	HLA-DRβ1	37	AA_DRB1_37_32660037_S	32552059	Ser present	Ser absent
Amino acid position	HLA-DRB1	HLA-DRβ1	37	AA_DRB1_37_32660037_SF	32552059	Ser/Phe present	Ser/Phe absent
Amino acid position	HLA-DRB1	HLA-DRβ1	37	AA_DRB1_37_32660037_SL	32552059	Ser/Leu present	Ser/Leu absent
Amino acid position	HLA-DRB1	HLA-DRβ1	37	AA_DRB1_37_32660037_SY	32552059	Ser/Tyr present	Ser/Tyr absent
Amino acid position	HLA-DRB1	HLA-DRβ1	37	AA_DRB1_37_32660037_Y	32552059	Tyr present	Tyr absent
Amino acid position	HLA-DRB1	HLA-DRβ1	37	AA_DRB1_37_32660037_YF	32552059	Tyr/Phe present	Tyr/Phe absent
Amino acid position	HLA-DRB1	HLA-DRβ1	37	AA_DRB1_37_32660037_YL	32552059	Tyr/Leu present	Tyr/Leu absent
Classical HLA allele	HLA-DRB1			HLA_DRB1_0101	32552064	HLA-DRB1*01:01 present	HLA-DRB1*01:01 absent
Classical HLA allele	HLA-DRB1			HLA_DRB1_0102	32552064	HLA-DRB1*01:02 present	HLA-DRB1*01:02 absent
Classical HLA allele	HLA-DRB1			HLA_DRB1_0103	32552064	HLA-DRB1*01:03 present	HLA-DRB1*01:03 absent
Classical HLA allele	HLA-DRB1			HLA_DRB1_0301	32552064	HLA-DRB1*03:01 present	HLA-DRB1*03:01 absent
Classical HLA allele	HLA-DRB1			HLA_DRB1_0302	32552064	HLA-DRB1*03:02 present	HLA-DRB1*03:02 absent
Classical HLA allele	HLA-DRB1			HLA_DRB1_0304	32552064	HLA-DRB1*03:04 present	HLA-DRB1*03:04 absent
Classical HLA allele	HLA-DRB1			HLA_DRB1_0401	32552064	HLA-DRB1*04:01 present	HLA-DRB1*04:01 absent
Classical HLA allele	HLA-DRB1			HLA_DRB1_0402	32552064	HLA-DRB1*04:02 present	HLA-DRB1*04:02 absent
Classical HLA allele	HLA-DRB1			HLA_DRB1_0403	32552064	HLA-DRB1*04:03 present	HLA-DRB1*04:03 absent
Classical HLA allele	HLA-DRB1			HLA_DRB1_0404	32552064	HLA-DRB1*04:04 present	HLA-DRB1*04:04 absent
Classical HLA allele	HLA-DRB1			HLA_DRB1_0405	32552064	HLA-DRB1*04:05 present	HLA-DRB1*04:05 absent
Classical HLA allele	HLA-DRB1			HLA_DRB1_0406	32552064	HLA-DRB1*04:06 present	HLA-DRB1*04:06 absent
Classical HLA allele	HLA-DRB1			HLA_DRB1_0407	32552064	HLA-DRB1*04:07 present	HLA-DRB1*04:07 absent
Classical HLA allele	HLA-DRB1			HLA_DRB1_0408	32552064	HLA-DRB1*04:08 present	HLA-DRB1*04:08 absent
Classical HLA allele	HLA-DRB1			HLA_DRB1_0409	32552064	HLA-DRB1*04:09 present	HLA-DRB1*04:09 absent
Classical HLA allele	HLA-DRB1			HLA_DRB1_0410	32552064	HLA-DRB1*04:10 present	HLA-DRB1*04:10 absent
Classical HLA allele	HLA-DRB1			HLA_DRB1_0411	32552064	HLA-DRB1*04:11 present	HLA-DRB1*04:11 absent
Classical HLA allele	HLA-DRB1			HLA_DRB1_0437	32552064	HLA-DRB1*04:37 present	HLA-DRB1*04:37 absent
Classical HLA allele	HLA-DRB1			HLA_DRB1_0701	32552064	HLA-DRB1*07:01 present	HLA-DRB1*07:01 absent
Classical HLA allele	HLA-DRB1			HLA_DRB1_0801	32552064	HLA-DRB1*08:01 present	HLA-DRB1*08:01 absent
Classical HLA allele	HLA-DRB1			HLA_DRB1_0802	32552064	HLA-DRB1*08:02 present	HLA-DRB1*08:02 absent
Classical HLA allele	HLA-DRB1			HLA_DRB1_0803	32552064	HLA-DRB1*08:03 present	HLA-DRB1*08:03 absent
Classical HLA allele	HLA-DRB1			HLA_DRB1_0804	32552064	HLA-DRB1*08:04 present	HLA-DRB1*08:04 absent
Classical HLA allele	HLA-DRB1			HLA_DRB1_0806	32552064	HLA-DRB1*08:06 present	HLA-DRB1*08:06 absent
Classical HLA allele	HLA-DRB1			HLA_DRB1_0901	32552064	HLA-DRB1*09:01 present	HLA-DRB1*09:01 absent
Classical HLA allele	HLA-DRB1			HLA_DRB1_1001	32552064	HLA-DRB1*10:01 present	HLA-DRB1*10:01 absent
Classical HLA allele	HLA-DRB1			HLA_DRB1_1101	32552064	HLA-DRB1*11:01 present	HLA-DRB1*11:01 absent
Classical HLA allele	HLA-DRB1			HLA_DRB1_1102	32552064	HLA-DRB1*11:02 present	HLA-DRB1*11:02 absent
Classical HLA allele	HLA-DRB1			HLA_DRB1_1103	32552064	HLA-DRB1*11:03 present	HLA-DRB1*11:03 absent
Classical HLA allele	HLA-DRB1			HLA_DRB1_1104	32552064	HLA-DRB1*11:04 present	HLA-DRB1*11:04 absent
Classical HLA allele	HLA-DRB1			HLA_DRB1_1106	32552064	HLA-DRB1*11:06 present	HLA-DRB1*11:06 absent
Classical HLA allele	HLA-DRB1			HLA_DRB1_1108	32552064	HLA-DRB1*11:08 present	HLA-DRB1*11:08 absent
Classical HLA allele	HLA-DRB1			HLA_DRB1_1201	32552064	HLA-DRB1*12:01 present	HLA-DRB1*12:01 absent
Classical HLA allele	HLA-DRB1			HLA_DRB1_1202	32552064	HLA-DRB1*12:02 present	HLA-DRB1*12:02 absent
Classical HLA allele	HLA-DRB1			HLA_DRB1_1301	32552064	HLA-DRB1*13:01 present	HLA-DRB1*13:01 absent
Classical HLA allele	HLA-DRB1			HLA_DRB1_1302	32552064	HLA-DRB1*13:02 present	HLA-DRB1*13:02 absent
Classical HLA allele	HLA-DRB1			HLA_DRB1_1303	32552064	HLA-DRB1*13:03 present	HLA-DRB1*13:03 absent
Classical HLA allele	HLA-DRB1			HLA_DRB1_1304	32552064	HLA-DRB1*13:04 present	HLA-DRB1*13:04 absent
Classical HLA allele	HLA-DRB1			HLA_DRB1_1305	32552064	HLA-DRB1*13:05 present	HLA-DRB1*13:05 absent
Classical HLA allele	HLA-DRB1			HLA_DRB1_1401	32552064	HLA-DRB1*14:01 present	HLA-DRB1*14:01 absent
Classical HLA allele	HLA-DRB1			HLA_DRB1_1402	32552064	HLA-DRB1*14:02 present	HLA-DRB1*14:02 absent
Classical HLA allele	HLA-DRB1			HLA_DRB1_1404	32552064	HLA-DRB1*14:04 present	HLA-DRB1*14:04 absent
Classical HLA allele	HLA-DRB1			HLA_DRB1_1405	32552064	HLA-DRB1*14:05 present	HLA-DRB1*14:05 absent
Classical HLA allele	HLA-DRB1			HLA_DRB1_1406	32552064	HLA-DRB1*14:06 present	HLA-DRB1*14:06 absent
Classical HLA allele	HLA-DRB1			HLA_DRB1_1407	32552064	HLA-DRB1*14:07 present	HLA-DRB1*14:07 absent
Classical HLA allele	HLA-DRB1			HLA_DRB1_1415	32552064	HLA-DRB1*14:15 present	HLA-DRB1*14:15 absent
Classical HLA allele	HLA-DRB1			HLA_DRB1_1501	32552064	HLA-DRB1*15:01 present	HLA-DRB1*15:01 absent
Classical HLA allele	HLA-DRB1			HLA_DRB1_1502	32552064	HLA-DRB1*15:02 present	HLA-DRB1*15:02 absent
Classical HLA allele	HLA-DRB1			HLA_DRB1_1503	32552064	HLA-DRB1*15:03 present	HLA-DRB1*15:03 absent
Classical HLA allele	HLA-DRB1			HLA_DRB1_1601	32552064	HLA-DRB1*16:01 present	HLA-DRB1*16:01 absent
Classical HLA allele	HLA-DRB1			HLA_DRB1_1602	32552064	HLA-DRB1*16:02 present	HLA-DRB1*16:02 absent
Amino acid position	HLA-DRB1	HLA-DRβ1	33	AA_DRB1_33_32660049	32552071	His	Asn
Amino acid position	HLA-DRB1	HLA-DRβ1	32	AA_DRB1_32_32660052	32552074	His	Tyr
Amino acid position	HLA-DRB1	HLA-DRβ1	31	AA_DRB1_31_32660055_F	32552077	Phe present	Phe absent
Amino acid position	HLA-DRB1	HLA-DRβ1	31	AA_DRB1_31_32660055_I	32552077	Ile present	Ile absent
Amino acid position	HLA-DRB1	HLA-DRβ1	31	AA_DRB1_31_32660055_V	32552077	Val present	Val absent
Amino acid position	HLA-DRB1	HLA-DRβ1	30	AA_DRB1_30_32660058_C	32552080	Cys present	Cys absent
Amino acid position	HLA-DRB1	HLA-DRβ1	30	AA_DRB1_30_32660058_CG	32552080	Cys/Gly present	Cys/Gly absent
Amino acid position	HLA-DRB1	HLA-DRβ1	30	AA_DRB1_30_32660058_CH	32552080	Cys/His present	Cys/His absent
Amino acid position	HLA-DRB1	HLA-DRβ1	30	AA_DRB1_30_32660058_CR	32552080	Cys/Arg present	Cys/Arg absent
Amino acid position	HLA-DRB1	HLA-DRβ1	30	AA_DRB1_30_32660058_G	32552080	Gly present	Gly absent
Amino acid position	HLA-DRB1	HLA-DRβ1	30	AA_DRB1_30_32660058_GR	32552080	Gly/Arg present	Gly/Arg absent
Amino acid position	HLA-DRB1	HLA-DRβ1	30	AA_DRB1_30_32660058_H	32552080	His present	His absent
Amino acid position	HLA-DRB1	HLA-DRβ1	30	AA_DRB1_30_32660058_HG	32552080	His/Gly present	His/Gly absent
Amino acid position	HLA-DRB1	HLA-DRβ1	30	AA_DRB1_30_32660058_HR	32552080	His/Arg present	His/Arg absent
Amino acid position	HLA-DRB1	HLA-DRβ1	30	AA_DRB1_30_32660058_L	32552080	Leu present	Leu absent
Amino acid position	HLA-DRB1	HLA-DRβ1	30	AA_DRB1_30_32660058_LC	32552080	Leu/Cys present	Leu/Cys absent
Amino acid position	HLA-DRB1	HLA-DRβ1	30	AA_DRB1_30_32660058_LG	32552080	Leu/Gly present	Leu/Gly absent
Amino acid position	HLA-DRB1	HLA-DRβ1	30	AA_DRB1_30_32660058_LH	32552080	Leu/His present	Leu/His absent
Amino acid position	HLA-DRB1	HLA-DRβ1	30	AA_DRB1_30_32660058_LR	32552080	Leu/Arg present	Leu/Arg absent
Amino acid position	HLA-DRB1	HLA-DRβ1	30	AA_DRB1_30_32660058_R	32552080	Arg present	Arg absent
Amino acid position	HLA-DRB1	HLA-DRβ1	30	AA_DRB1_30_32660058_Y	32552080	Tyr present	Tyr absent
Amino acid position	HLA-DRB1	HLA-DRβ1	30	AA_DRB1_30_32660058_YC	32552080	Tyr/Cys present	Tyr/Cys absent
Amino acid position	HLA-DRB1	HLA-DRβ1	30	AA_DRB1_30_32660058_YCG	32552080	Tyr/Cys/Gly present	Tyr/Cys/Gly absent
Amino acid position	HLA-DRB1	HLA-DRβ1	30	AA_DRB1_30_32660058_YCH	32552080	Tyr/Cys/His present	Tyr/Cys/His absent
Amino acid position	HLA-DRB1	HLA-DRβ1	30	AA_DRB1_30_32660058_YCR	32552080	Tyr/Cys/Arg present	Tyr/Cys/Arg absent
Amino acid position	HLA-DRB1	HLA-DRβ1	30	AA_DRB1_30_32660058_YG	32552080	Tyr/Gly present	Tyr/Gly absent
Amino acid position	HLA-DRB1	HLA-DRβ1	30	AA_DRB1_30_32660058_YGR	32552080	Tyr/Gly/Arg present	Tyr/Gly/Arg absent
Amino acid position	HLA-DRB1	HLA-DRβ1	30	AA_DRB1_30_32660058_YH	32552080	Tyr/His present	Tyr/His absent
Amino acid position	HLA-DRB1	HLA-DRβ1	30	AA_DRB1_30_32660058_YHG	32552080	Tyr/His/Gly present	Tyr/His/Gly absent
Amino acid position	HLA-DRB1	HLA-DRβ1	30	AA_DRB1_30_32660058_YHR	32552080	Tyr/His/Arg present	Tyr/His/Arg absent
Amino acid position	HLA-DRB1	HLA-DRβ1	30	AA_DRB1_30_32660058_YL	32552080	Tyr/Leu present	Tyr/Leu absent
Amino acid position	HLA-DRB1	HLA-DRβ1	30	AA_DRB1_30_32660058_YLC	32552080	Tyr/Leu/Cys present	Tyr/Leu/Cys absent
Amino acid position	HLA-DRB1	HLA-DRβ1	30	AA_DRB1_30_32660058_YLG	32552080	Tyr/Leu/Gly present	Tyr/Leu/Gly absent
Amino acid position	HLA-DRB1	HLA-DRβ1	30	AA_DRB1_30_32660058_YLH	32552080	Tyr/Leu/His present	Tyr/Leu/His absent
Amino acid position	HLA-DRB1	HLA-DRβ1	30	AA_DRB1_30_32660058_YLR	32552080	Tyr/Leu/Arg present	Tyr/Leu/Arg absent
Amino acid position	HLA-DRB1	HLA-DRβ1	30	AA_DRB1_30_32660058_YR	32552080	Tyr/Arg present	Tyr/Arg absent
Amino acid position	HLA-DRB1	HLA-DRβ1	28	AA_DRB1_28_32660064_D	32552086	Asp present	Asp absent
Amino acid position	HLA-DRB1	HLA-DRβ1	28	AA_DRB1_28_32660064_E	32552086	Glu present	Glu absent
Amino acid position	HLA-DRB1	HLA-DRβ1	28	AA_DRB1_28_32660064_H	32552086	His present	His absent
Amino acid position	HLA-DRB1	HLA-DRβ1	26	AA_DRB1_26_32660070_F	32552092	Phe present	Phe absent
Amino acid position	HLA-DRB1	HLA-DRβ1	26	AA_DRB1_26_32660070_L	32552092	Leu present	Leu absent
Amino acid position	HLA-DRB1	HLA-DRβ1	26	AA_DRB1_26_32660070_Y	32552092	Tyr present	Tyr absent
Amino acid position	HLA-DRB1	HLA-DRβ1	25	AA_DRB1_25_32660073	32552095	Gln	Arg
Amino acid position	HLA-DRB1	HLA-DRβ1	16	AA_DRB1_16_32660100_H	32552122	His present	His absent
Amino acid position	HLA-DRB1	HLA-DRβ1	16	AA_DRB1_16_32660100_Q	32552122	Gln present	Gln absent
Amino acid position	HLA-DRB1	HLA-DRβ1	16	AA_DRB1_16_32660100_Y	32552122	Tyr present	Tyr absent
Amino acid position	HLA-DRB1	HLA-DRβ1	14	AA_DRB1_14_32660106	32552128	Lys	Glu
Amino acid position	HLA-DRB1	HLA-DRβ1	13	AA_DRB1_13_32660109_F	32552131	Phe present	Phe absent
Amino acid position	HLA-DRB1	HLA-DRβ1	13	AA_DRB1_13_32660109_FG	32552131	Phe/Gly present	Phe/Gly absent
Amino acid position	HLA-DRB1	HLA-DRβ1	13	AA_DRB1_13_32660109_G	32552131	Gly present	Gly absent
Amino acid position	HLA-DRB1	HLA-DRβ1	13	AA_DRB1_13_32660109_H	32552131	His present	His absent
Amino acid position	HLA-DRB1	HLA-DRβ1	13	AA_DRB1_13_32660109_HF	32552131	His/Phe present	His/Phe absent
Amino acid position	HLA-DRB1	HLA-DRβ1	13	AA_DRB1_13_32660109_HG	32552131	His/Gly present	His/Gly absent
Amino acid position	HLA-DRB1	HLA-DRβ1	13	AA_DRB1_13_32660109_HY	32552131	His/Tyr present	His/Tyr absent
Amino acid position	HLA-DRB1	HLA-DRβ1	13	AA_DRB1_13_32660109_R	32552131	Arg present	Arg absent
Amino acid position	HLA-DRB1	HLA-DRβ1	13	AA_DRB1_13_32660109_RF	32552131	Arg/Phe present	Arg/Phe absent
Amino acid position	HLA-DRB1	HLA-DRβ1	13	AA_DRB1_13_32660109_RG	32552131	Arg/Gly present	Arg/Gly absent
Amino acid position	HLA-DRB1	HLA-DRβ1	13	AA_DRB1_13_32660109_RH	32552131	Arg/His present	Arg/His absent
Amino acid position	HLA-DRB1	HLA-DRβ1	13	AA_DRB1_13_32660109_RY	32552131	Arg/Tyr present	Arg/Tyr absent
Amino acid position	HLA-DRB1	HLA-DRβ1	13	AA_DRB1_13_32660109_S	32552131	Ser present	Ser absent
Amino acid position	HLA-DRB1	HLA-DRβ1	13	AA_DRB1_13_32660109_SF	32552131	Ser/Phe present	Ser/Phe absent
Amino acid position	HLA-DRB1	HLA-DRβ1	13	AA_DRB1_13_32660109_SFG	32552131	Ser/Phe/Gly present	Ser/Phe/Gly absent
Amino acid position	HLA-DRB1	HLA-DRβ1	13	AA_DRB1_13_32660109_SG	32552131	Ser/Gly present	Ser/Gly absent
Amino acid position	HLA-DRB1	HLA-DRβ1	13	AA_DRB1_13_32660109_SH	32552131	Ser/His present	Ser/His absent
Amino acid position	HLA-DRB1	HLA-DRβ1	13	AA_DRB1_13_32660109_SHF	32552131	Ser/His/Phe present	Ser/His/Phe absent
Amino acid position	HLA-DRB1	HLA-DRβ1	13	AA_DRB1_13_32660109_SHG	32552131	Ser/His/Gly present	Ser/His/Gly absent
Amino acid position	HLA-DRB1	HLA-DRβ1	13	AA_DRB1_13_32660109_SHY	32552131	Ser/His/Tyr present	Ser/His/Tyr absent
Amino acid position	HLA-DRB1	HLA-DRβ1	13	AA_DRB1_13_32660109_SR	32552131	Ser/Arg present	Ser/Arg absent
Amino acid position	HLA-DRB1	HLA-DRβ1	13	AA_DRB1_13_32660109_SRF	32552131	Ser/Arg/Phe present	Ser/Arg/Phe absent
Amino acid position	HLA-DRB1	HLA-DRβ1	13	AA_DRB1_13_32660109_SRG	32552131	Ser/Arg/Gly present	Ser/Arg/Gly absent
Amino acid position	HLA-DRB1	HLA-DRβ1	13	AA_DRB1_13_32660109_SRH	32552131	Ser/Arg/His present	Ser/Arg/His absent
Amino acid position	HLA-DRB1	HLA-DRβ1	13	AA_DRB1_13_32660109_SRY	32552131	Ser/Arg/Tyr present	Ser/Arg/Tyr absent
Amino acid position	HLA-DRB1	HLA-DRβ1	13	AA_DRB1_13_32660109_SY	32552131	Ser/Tyr present	Ser/Tyr absent
Amino acid position	HLA-DRB1	HLA-DRβ1	13	AA_DRB1_13_32660109_SYF	32552131	Ser/Tyr/Phe present	Ser/Tyr/Phe absent
Amino acid position	HLA-DRB1	HLA-DRβ1	13	AA_DRB1_13_32660109_SYG	32552131	Ser/Tyr/Gly present	Ser/Tyr/Gly absent
Amino acid position	HLA-DRB1	HLA-DRβ1	13	AA_DRB1_13_32660109_Y	32552131	Tyr present	Tyr absent
Amino acid position	HLA-DRB1	HLA-DRβ1	13	AA_DRB1_13_32660109_YF	32552131	Tyr/Phe present	Tyr/Phe absent
Amino acid position	HLA-DRB1	HLA-DRβ1	13	AA_DRB1_13_32660109_YG	32552131	Tyr/Gly present	Tyr/Gly absent
Amino acid position	HLA-DRB1	HLA-DRβ1	12	AA_DRB1_12_32660112	32552134	Thr	Lys
Amino acid position	HLA-DRB1	HLA-DRβ1	11	AA_DRB1_11_32660115_D	32552137	Asp present	Asp absent
Amino acid position	HLA-DRB1	HLA-DRβ1	11	AA_DRB1_11_32660115_G	32552137	Gly present	Gly absent
Amino acid position	HLA-DRB1	HLA-DRβ1	11	AA_DRB1_11_32660115_GD	32552137	Gly/Asp present	Gly/Asp absent
Amino acid position	HLA-DRB1	HLA-DRβ1	11	AA_DRB1_11_32660115_GL	32552137	Gly/Leu present	Gly/Leu absent
Amino acid position	HLA-DRB1	HLA-DRβ1	11	AA_DRB1_11_32660115_L	32552137	Leu present	Leu absent
Amino acid position	HLA-DRB1	HLA-DRβ1	11	AA_DRB1_11_32660115_LD	32552137	Leu/Asp present	Leu/Asp absent
Amino acid position	HLA-DRB1	HLA-DRβ1	11	AA_DRB1_11_32660115_P	32552137	Pro present	Pro absent
Amino acid position	HLA-DRB1	HLA-DRβ1	11	AA_DRB1_11_32660115_PD	32552137	Pro/Asp present	Pro/Asp absent
Amino acid position	HLA-DRB1	HLA-DRβ1	11	AA_DRB1_11_32660115_PG	32552137	Pro/Gly present	Pro/Gly absent
Amino acid position	HLA-DRB1	HLA-DRβ1	11	AA_DRB1_11_32660115_PL	32552137	Pro/Leu present	Pro/Leu absent
Amino acid position	HLA-DRB1	HLA-DRβ1	11	AA_DRB1_11_32660115_PV	32552137	Pro/Val present	Pro/Val absent
Amino acid position	HLA-DRB1	HLA-DRβ1	11	AA_DRB1_11_32660115_S	32552137	Ser present	Ser absent
Amino acid position	HLA-DRB1	HLA-DRβ1	11	AA_DRB1_11_32660115_SD	32552137	Ser/Asp present	Ser/Asp absent
Amino acid position	HLA-DRB1	HLA-DRβ1	11	AA_DRB1_11_32660115_SG	32552137	Ser/Gly present	Ser/Gly absent
Amino acid position	HLA-DRB1	HLA-DRβ1	11	AA_DRB1_11_32660115_SGD	32552137	Ser/Gly/Asp present	Ser/Gly/Asp absent
Amino acid position	HLA-DRB1	HLA-DRβ1	11	AA_DRB1_11_32660115_SGL	32552137	Ser/Gly/Leu present	Ser/Gly/Leu absent
Amino acid position	HLA-DRB1	HLA-DRβ1	11	AA_DRB1_11_32660115_SL	32552137	Ser/Leu present	Ser/Leu absent
Amino acid position	HLA-DRB1	HLA-DRβ1	11	AA_DRB1_11_32660115_SLD	32552137	Ser/Leu/Asp present	Ser/Leu/Asp absent
Amino acid position	HLA-DRB1	HLA-DRβ1	11	AA_DRB1_11_32660115_SP	32552137	Ser/Pro present	Ser/Pro absent
Amino acid position	HLA-DRB1	HLA-DRβ1	11	AA_DRB1_11_32660115_SPD	32552137	Ser/Pro/Asp present	Ser/Pro/Asp absent
Amino acid position	HLA-DRB1	HLA-DRβ1	11	AA_DRB1_11_32660115_SPG	32552137	Ser/Pro/Gly present	Ser/Pro/Gly absent
Amino acid position	HLA-DRB1	HLA-DRβ1	11	AA_DRB1_11_32660115_SPL	32552137	Ser/Pro/Leu present	Ser/Pro/Leu absent
Amino acid position	HLA-DRB1	HLA-DRβ1	11	AA_DRB1_11_32660115_SPV	32552137	Ser/Pro/Val present	Ser/Pro/Val absent
Amino acid position	HLA-DRB1	HLA-DRβ1	11	AA_DRB1_11_32660115_SV	32552137	Ser/Val present	Ser/Val absent
Amino acid position	HLA-DRB1	HLA-DRβ1	11	AA_DRB1_11_32660115_SVD	32552137	Ser/Val/Asp present	Ser/Val/Asp absent
Amino acid position	HLA-DRB1	HLA-DRβ1	11	AA_DRB1_11_32660115_SVG	32552137	Ser/Val/Gly present	Ser/Val/Gly absent
Amino acid position	HLA-DRB1	HLA-DRβ1	11	AA_DRB1_11_32660115_SVL	32552137	Ser/Val/Leu present	Ser/Val/Leu absent
Amino acid position	HLA-DRB1	HLA-DRβ1	11	AA_DRB1_11_32660115_V	32552137	Val present	Val absent
Amino acid position	HLA-DRB1	HLA-DRβ1	11	AA_DRB1_11_32660115_VD	32552137	Val/Asp present	Val/Asp absent
Amino acid position	HLA-DRB1	HLA-DRβ1	11	AA_DRB1_11_32660115_VG	32552137	Val/Gly present	Val/Gly absent
Amino acid position	HLA-DRB1	HLA-DRβ1	11	AA_DRB1_11_32660115_VL	32552137	Val/Leu present	Val/Leu absent
Amino acid position	HLA-DRB1	HLA-DRβ1	10	AA_DRB1_10_32660118_E	32552140	Glu present	Glu absent
Amino acid position	HLA-DRB1	HLA-DRβ1	10	AA_DRB1_10_32660118_Q	32552140	Gln present	Gln absent
Amino acid position	HLA-DRB1	HLA-DRβ1	10	AA_DRB1_10_32660118_Y	32552140	Tyr present	Tyr absent
Amino acid position	HLA-DRB1	HLA-DRβ1	9	AA_DRB1_9_32660121_E	32552143	Glu present	Glu absent
Amino acid position	HLA-DRB1	HLA-DRβ1	9	AA_DRB1_9_32660121_K	32552143	Lys present	Lys absent
Amino acid position	HLA-DRB1	HLA-DRβ1	9	AA_DRB1_9_32660121_W	32552143	Trp present	Trp absent
Amino acid position	HLA-DRB1	HLA-DRβ1	4	AA_DRB1_4_32665400_Q	32557422	Gln present	Gln absent
Amino acid position	HLA-DRB1	HLA-DRβ1	4	AA_DRB1_4_32665400_R	32557422	Arg present	Arg absent
Amino acid position	HLA-DRB1	HLA-DRβ1	4	AA_DRB1_4_32665400_x	32557422	deletion present	deletion absent
Classical HLA allele	HLA-DQA1			HLA_DQA1_0101	32608306	HLA-DQA1*01:01 present	HLA-DQA1*01:01 absent
Classical HLA allele	HLA-DQA1			HLA_DQA1_0102	32608306	HLA-DQA1*01:02 present	HLA-DQA1*01:02 absent
Classical HLA allele	HLA-DQA1			HLA_DQA1_0103	32608306	HLA-DQA1*01:03 present	HLA-DQA1*01:03 absent
Classical HLA allele	HLA-DQA1			HLA_DQA1_0201	32608306	HLA-DQA1*02:01 present	HLA-DQA1*02:01 absent
Classical HLA allele	HLA-DQA1			HLA_DQA1_0301	32608306	HLA-DQA1*03:01 present	HLA-DQA1*03:01 absent
Classical HLA allele	HLA-DQA1			HLA_DQA1_0401	32608306	HLA-DQA1*04:01 present	HLA-DQA1*04:01 absent
Classical HLA allele	HLA-DQA1			HLA_DQA1_0501	32608306	HLA-DQA1*05:01 present	HLA-DQA1*05:01 absent
Classical HLA allele	HLA-DQA1			HLA_DQA1_0601	32608306	HLA-DQA1*06:01 present	HLA-DQA1*06:01 absent
Amino acid position	HLA-DQA1	HLA-DQα1	11	AA_DQA1_11_32717083_C	32609105	Cys present	Cys absent
Amino acid position	HLA-DQA1	HLA-DQα1	11	AA_DQA1_11_32717083_Y	32609105	Tyr present	Tyr absent
Amino acid position	HLA-DQA1	HLA-DQα1	18	AA_DQA1_18_32717104	32609126	Phe	Ser
Amino acid position	HLA-DQA1	HLA-DQα1	25	AA_DQA1_25_32717125	32609147	Phe	Tyr
Amino acid position	HLA-DQA1	HLA-DQα1	26	AA_DQA1_26_32717128	32609150	Ser	Thr
Amino acid position	HLA-DQA1	HLA-DQα1	34	AA_DQA1_34_32717152	32609174	Glu	Gln
Amino acid position	HLA-DQA1	HLA-DQα1	40	AA_DQA1_40_32717170	32609192	Gly	Glu
Amino acid position	HLA-DQA1	HLA-DQα1	41	AA_DQA1_41_32717173	32609195	Lys	Arg
Amino acid position	HLA-DQA1	HLA-DQα1	45	AA_DQA1_45_32717185	32609207	Ala	Val
Amino acid position	HLA-DQA1	HLA-DQα1	47	AA_DQA1_47_32717191_C	32609213	Cys present	Cys absent
Amino acid position	HLA-DQA1	HLA-DQα1	47	AA_DQA1_47_32717191_K	32609213	Lys present	Lys absent
Amino acid position	HLA-DQA1	HLA-DQα1	47	AA_DQA1_47_32717191_Q	32609213	Gln present	Gln absent
Amino acid position	HLA-DQA1	HLA-DQα1	47	AA_DQA1_47_32717191_R	32609213	Arg present	Arg absent
Amino acid position	HLA-DQA1	HLA-DQα1	47	AA_DQA1_47_32717191_RC	32609213	Arg/Cys present	Arg/Cys absent
Amino acid position	HLA-DQA1	HLA-DQα1	47	AA_DQA1_47_32717191_RK	32609213	Arg/Lys present	Arg/Lys absent
Amino acid position	HLA-DQA1	HLA-DQα1	47	AA_DQA1_47_32717191_RQ	32609213	Arg/Gln present	Arg/Gln absent
Amino acid position	HLA-DQA1	HLA-DQα1	48	AA_DQA1_48_32717194	32609216	Trp	Leu
Amino acid position	HLA-DQA1	HLA-DQα1	50	AA_DQA1_50_32717200_E	32609222	Glu present	Glu absent
Amino acid position	HLA-DQA1	HLA-DQα1	50	AA_DQA1_50_32717200_L	32609222	Leu present	Leu absent
Amino acid position	HLA-DQA1	HLA-DQα1	50	AA_DQA1_50_32717200_V	32609222	Val present	Val absent
Amino acid position	HLA-DQA1	HLA-DQα1	51	AA_DQA1_51_32717203	32609225	Leu	Phe
Amino acid position	HLA-DQA1	HLA-DQα1	52	AA_DQA1_52_32717206_H	32609228	His present	His absent
Amino acid position	HLA-DQA1	HLA-DQα1	52	AA_DQA1_52_32717206_R	32609228	Arg present	Arg absent
Amino acid position	HLA-DQA1	HLA-DQα1	52	AA_DQA1_52_32717206_S	32609228	Ser present	Ser absent
Amino acid position	HLA-DQA1	HLA-DQα1	53	AA_DQA1_53_32717209_K	32609231	Lys present	Lys absent
Amino acid position	HLA-DQA1	HLA-DQα1	53	AA_DQA1_53_32717209_Q	32609231	Gln present	Gln absent
Amino acid position	HLA-DQA1	HLA-DQα1	53	AA_DQA1_53_32717209_R	32609231	Arg present	Arg absent
Amino acid position	HLA-DQA1	HLA-DQα1	54	AA_DQA1_54_32717212	32609234	Leu	Phe
Amino acid position	HLA-DQA1	HLA-DQα1	55	AA_DQA1_55_32717215	32609237	Gly	Arg
Amino acid position	HLA-DQA1	HLA-DQα1	56	AA_DQA1_56_32717218_G	32609240	Gly present	Gly absent
Amino acid position	HLA-DQA1	HLA-DQα1	56	AA_DQA1_56_32717218_R	32609240	Arg present	Arg absent
Amino acid position	HLA-DQA1	HLA-DQα1	56	AA_DQA1_56_32717218_x	32609240	deletion present	deletion absent
Amino acid position	HLA-DQA1	HLA-DQα1	61	AA_DQA1_61_32717233	32609255	Gly	Phe
Amino acid position	HLA-DQA1	HLA-DQα1	64	AA_DQA1_64_32717242	32609264	Arg	Thr
Amino acid position	HLA-DQA1	HLA-DQα1	66	AA_DQA1_66_32717248	32609270	Met	Ile
Amino acid position	HLA-DQA1	HLA-DQα1	69	AA_DQA1_69_32717257_A	32609279	Ala present	Ala absent
Amino acid position	HLA-DQA1	HLA-DQα1	69	AA_DQA1_69_32717257_L	32609279	Leu present	Leu absent
Amino acid position	HLA-DQA1	HLA-DQα1	69	AA_DQA1_69_32717257_T	32609279	Thr present	Thr absent
Amino acid position	HLA-DQA1	HLA-DQα1	75	AA_DQA1_75_32717275	32609297	Ser	Ile
Amino acid position	HLA-DQA1	HLA-DQα1	76	AA_DQA1_76_32717278_L	32609300	Leu present	Leu absent
Amino acid position	HLA-DQA1	HLA-DQα1	76	AA_DQA1_76_32717278_M	32609300	Met present	Met absent
Amino acid position	HLA-DQA1	HLA-DQα1	76	AA_DQA1_76_32717278_V	32609300	Val present	Val absent
Amino acid position	HLA-DQA1	HLA-DQα1	80	AA_DQA1_80_32717290	32609312	Tyr	Ser
Amino acid position	HLA-DQA1	HLA-DQα1	107	AA_DQA1_107_32717784_I	32609806	Ile present	Ile absent
Amino acid position	HLA-DQA1	HLA-DQα1	107	AA_DQA1_107_32717784_T	32609806	Thr present	Thr absent
Amino acid position	HLA-DQA1	HLA-DQα1	129	AA_DQA1_129_32717850_H	32609872	His present	His absent
Amino acid position	HLA-DQA1	HLA-DQα1	129	AA_DQA1_129_32717850_Q	32609872	Gln present	Gln absent
Amino acid position	HLA-DQA1	HLA-DQα1	130	AA_DQA1_130_32717853_A	32609875	Ala present	Ala absent
Amino acid position	HLA-DQA1	HLA-DQα1	130	AA_DQA1_130_32717853_S	32609875	Ser present	Ser absent
Amino acid position	HLA-DQA1	HLA-DQα1	156	AA_DQA1_156_32717931_F	32609953	Phe present	Phe absent
Amino acid position	HLA-DQA1	HLA-DQα1	156	AA_DQA1_156_32717931_L	32609953	Leu present	Leu absent
Amino acid position	HLA-DQA1	HLA-DQα1	161	AA_DQA1_161_32717946_D	32609968	Asp present	Asp absent
Amino acid position	HLA-DQA1	HLA-DQα1	161	AA_DQA1_161_32717946_E	32609968	Glu present	Glu absent
Amino acid position	HLA-DQA1	HLA-DQα1	163	AA_DQA1_163_32717952_I	32609974	Ile present	Ile absent
Amino acid position	HLA-DQA1	HLA-DQα1	163	AA_DQA1_163_32717952_S	32609974	Ser present	Ser absent
Amino acid position	HLA-DQA1	HLA-DQα1	175	AA_DQA1_175_32717988_E	32610010	Glu present	Glu absent
Amino acid position	HLA-DQA1	HLA-DQα1	175	AA_DQA1_175_32717988_K	32610010	Lys present	Lys absent
Amino acid position	HLA-DQA1	HLA-DQα1	175	AA_DQA1_175_32717988_Q	32610010	Gln present	Gln absent
Amino acid position	HLA-DQA1	HLA-DQα1	175	AA_DQA1_175_32717988_QE	32610010	Gln/Glu present	Gln/Glu absent
Amino acid position	HLA-DQA1	HLA-DQα1	175	AA_DQA1_175_32717988_QK	32610010	Gln/Lys present	Gln/Lys absent
Amino acid position	HLA-DQA1	HLA-DQα1	175	AA_DQA1_175_32717988_Qx	32610010	Gln/deletion present	Gln/deletion absent
Amino acid position	HLA-DQA1	HLA-DQα1	187	AA_DQA1_187_32718380_A	32610402	Ala present	Ala absent
Amino acid position	HLA-DQA1	HLA-DQα1	187	AA_DQA1_187_32718380_T	32610402	Thr present	Thr absent
Amino acid position	HLA-DQA1	HLA-DQα1	207	AA_DQA1_207_32718440_M	32610462	Met present	Met absent
Amino acid position	HLA-DQA1	HLA-DQα1	207	AA_DQA1_207_32718440_V	32610462	Val present	Val absent
Amino acid position	HLA-DQA1	HLA-DQα1	215	AA_DQA1_215_32718464_F	32610486	Phe present	Phe absent
Amino acid position	HLA-DQA1	HLA-DQα1	215	AA_DQA1_215_32718464_L	32610486	Leu present	Leu absent
Amino acid position	HLA-DQA1	HLA-DQα1	218	AA_DQA1_218_32718473_Q	32610495	Gln present	Gln absent
Amino acid position	HLA-DQA1	HLA-DQα1	218	AA_DQA1_218_32718473_R	32610495	Arg present	Arg absent
Amino acid position	HLA-DQB1	HLA-DQβ1	224	AA_DQB1_224_32737107_Q	32629129	Gln present	Gln absent
Amino acid position	HLA-DQB1	HLA-DQβ1	224	AA_DQB1_224_32737107_R	32629129	Arg present	Arg absent
Amino acid position	HLA-DQB1	HLA-DQβ1	224	AA_DQB1_224_32737107_x	32629129	deletion present	deletion absent
Amino acid position	HLA-DQB1	HLA-DQβ1	221	AA_DQB1_221_32737116_H	32629138	His present	His absent
Amino acid position	HLA-DQB1	HLA-DQβ1	221	AA_DQB1_221_32737116_Q	32629138	Gln present	Gln absent
Amino acid position	HLA-DQB1	HLA-DQβ1	221	AA_DQB1_221_32737116_x	32629138	deletion present	deletion absent
Amino acid position	HLA-DQB1	HLA-DQβ1	220	AA_DQB1_220_32737119_H	32629141	His present	His absent
Amino acid position	HLA-DQB1	HLA-DQβ1	220	AA_DQB1_220_32737119_R	32629141	Arg present	Arg absent
Amino acid position	HLA-DQB1	HLA-DQβ1	220	AA_DQB1_220_32737119_x	32629141	deletion present	deletion absent
Amino acid position	HLA-DQB1	HLA-DQβ1	203	AA_DQB1_203_32737170_I	32629192	Ile present	Ile absent
Amino acid position	HLA-DQB1	HLA-DQβ1	203	AA_DQB1_203_32737170_V	32629192	Val present	Val absent
Amino acid position	HLA-DQB1	HLA-DQβ1	203	AA_DQB1_203_32737170_x	32629192	deletion present	deletion absent
Amino acid position	HLA-DQB1	HLA-DQβ1	197	AA_DQB1_197_32737188_N	32629210	Asn present	Asn absent
Amino acid position	HLA-DQB1	HLA-DQβ1	197	AA_DQB1_197_32737188_S	32629210	Ser present	Ser absent
Amino acid position	HLA-DQB1	HLA-DQβ1	197	AA_DQB1_197_32737188_x	32629210	deletion present	deletion absent
Amino acid position	HLA-DQB1	HLA-DQβ1	185	AA_DQB1_185_32737733_I	32629755	Ile present	Ile absent
Amino acid position	HLA-DQB1	HLA-DQβ1	185	AA_DQB1_185_32737733_T	32629755	Thr present	Thr absent
Amino acid position	HLA-DQB1	HLA-DQβ1	185	AA_DQB1_185_32737733_x	32629755	deletion present	deletion absent
Amino acid position	HLA-DQB1	HLA-DQβ1	182	AA_DQB1_182_32737742_N	32629764	Asn present	Asn absent
Amino acid position	HLA-DQB1	HLA-DQβ1	182	AA_DQB1_182_32737742_S	32629764	Ser present	Ser absent
Amino acid position	HLA-DQB1	HLA-DQβ1	182	AA_DQB1_182_32737742_x	32629764	deletion present	deletion absent
Amino acid position	HLA-DQB1	HLA-DQβ1	167	AA_DQB1_167_32737787_H	32629809	His present	His absent
Amino acid position	HLA-DQB1	HLA-DQβ1	167	AA_DQB1_167_32737787_R	32629809	Arg present	Arg absent
Amino acid position	HLA-DQB1	HLA-DQβ1	167	AA_DQB1_167_32737787_x	32629809	deletion present	deletion absent
Amino acid position	HLA-DQB1	HLA-DQβ1	140	AA_DQB1_140_32737868_A	32629890	Ala present	Ala absent
Amino acid position	HLA-DQB1	HLA-DQβ1	140	AA_DQB1_140_32737868_T	32629890	Thr present	Thr absent
Amino acid position	HLA-DQB1	HLA-DQβ1	140	AA_DQB1_140_32737868_x	32629890	deletion present	deletion absent
Amino acid position	HLA-DQB1	HLA-DQβ1	135	AA_DQB1_135_32737883_D	32629905	Asp present	Asp absent
Amino acid position	HLA-DQB1	HLA-DQβ1	135	AA_DQB1_135_32737883_G	32629905	Gly present	Gly absent
Amino acid position	HLA-DQB1	HLA-DQβ1	135	AA_DQB1_135_32737883_x	32629905	deletion present	deletion absent
Amino acid position	HLA-DQB1	HLA-DQβ1	130	AA_DQB1_130_32737898_Q	32629920	Gln present	Gln absent
Amino acid position	HLA-DQB1	HLA-DQβ1	130	AA_DQB1_130_32737898_R	32629920	Arg present	Arg absent
Amino acid position	HLA-DQB1	HLA-DQβ1	130	AA_DQB1_130_32737898_x	32629920	deletion present	deletion absent
Amino acid position	HLA-DQB1	HLA-DQβ1	126	AA_DQB1_126_32737910_H	32629932	His present	His absent
Amino acid position	HLA-DQB1	HLA-DQβ1	126	AA_DQB1_126_32737910_Q	32629932	Gln present	Gln absent
Amino acid position	HLA-DQB1	HLA-DQβ1	126	AA_DQB1_126_32737910_x	32629932	deletion present	deletion absent
Amino acid position	HLA-DQB1	HLA-DQβ1	125	AA_DQB1_125_32737913_A	32629935	Ala present	Ala absent
Amino acid position	HLA-DQB1	HLA-DQβ1	125	AA_DQB1_125_32737913_AG	32629935	Ala/Gly present	Ala/Gly absent
Amino acid position	HLA-DQB1	HLA-DQβ1	125	AA_DQB1_125_32737913_AS	32629935	Ala/Ser present	Ala/Ser absent
Amino acid position	HLA-DQB1	HLA-DQβ1	125	AA_DQB1_125_32737913_Ax	32629935	Ala/deletion present	Ala/deletion absent
Amino acid position	HLA-DQB1	HLA-DQβ1	125	AA_DQB1_125_32737913_G	32629935	Gly present	Gly absent
Amino acid position	HLA-DQB1	HLA-DQβ1	125	AA_DQB1_125_32737913_S	32629935	Ser present	Ser absent
Amino acid position	HLA-DQB1	HLA-DQβ1	125	AA_DQB1_125_32737913_x	32629935	deletion present	deletion absent
Amino acid position	HLA-DQB1	HLA-DQβ1	116	AA_DQB1_116_32737940_I	32629962	Ile present	Ile absent
Amino acid position	HLA-DQB1	HLA-DQβ1	116	AA_DQB1_116_32737940_V	32629962	Val present	Val absent
Amino acid position	HLA-DQB1	HLA-DQβ1	116	AA_DQB1_116_32737940_x	32629962	deletion present	deletion absent
Classical HLA allele	HLA-DQB1			HLA_DQB1_0201	32631061	HLA-DQB1*02:01 present	HLA-DQB1*02:01 absent
Classical HLA allele	HLA-DQB1			HLA_DQB1_0202	32631061	HLA-DQB1*02:02 present	HLA-DQB1*02:02 absent
Classical HLA allele	HLA-DQB1			HLA_DQB1_0301	32631061	HLA-DQB1*03:01 present	HLA-DQB1*03:01 absent
Classical HLA allele	HLA-DQB1			HLA_DQB1_0302	32631061	HLA-DQB1*03:02 present	HLA-DQB1*03:02 absent
Classical HLA allele	HLA-DQB1			HLA_DQB1_0303	32631061	HLA-DQB1*03:03 present	HLA-DQB1*03:03 absent
Classical HLA allele	HLA-DQB1			HLA_DQB1_0304	32631061	HLA-DQB1*03:04 present	HLA-DQB1*03:04 absent
Classical HLA allele	HLA-DQB1			HLA_DQB1_0305	32631061	HLA-DQB1*03:05 present	HLA-DQB1*03:05 absent
Classical HLA allele	HLA-DQB1			HLA_DQB1_0401	32631061	HLA-DQB1*04:01 present	HLA-DQB1*04:01 absent
Classical HLA allele	HLA-DQB1			HLA_DQB1_0402	32631061	HLA-DQB1*04:02 present	HLA-DQB1*04:02 absent
Classical HLA allele	HLA-DQB1			HLA_DQB1_0501	32631061	HLA-DQB1*05:01 present	HLA-DQB1*05:01 absent
Classical HLA allele	HLA-DQB1			HLA_DQB1_0502	32631061	HLA-DQB1*05:02 present	HLA-DQB1*05:02 absent
Classical HLA allele	HLA-DQB1			HLA_DQB1_0503	32631061	HLA-DQB1*05:03 present	HLA-DQB1*05:03 absent
Classical HLA allele	HLA-DQB1			HLA_DQB1_0504	32631061	HLA-DQB1*05:04 present	HLA-DQB1*05:04 absent
Classical HLA allele	HLA-DQB1			HLA_DQB1_0601	32631061	HLA-DQB1*06:01 present	HLA-DQB1*06:01 absent
Classical HLA allele	HLA-DQB1			HLA_DQB1_0602	32631061	HLA-DQB1*06:02 present	HLA-DQB1*06:02 absent
Classical HLA allele	HLA-DQB1			HLA_DQB1_0603	32631061	HLA-DQB1*06:03 present	HLA-DQB1*06:03 absent
Classical HLA allele	HLA-DQB1			HLA_DQB1_0604	32631061	HLA-DQB1*06:04 present	HLA-DQB1*06:04 absent
Classical HLA allele	HLA-DQB1			HLA_DQB1_0609	32631061	HLA-DQB1*06:09 present	HLA-DQB1*06:09 absent
Amino acid position	HLA-DQB1	HLA-DQβ1	90	AA_DQB1_90_32740567_I	32632589	Ile present	Ile absent
Amino acid position	HLA-DQB1	HLA-DQβ1	90	AA_DQB1_90_32740567_T	32632589	Thr present	Thr absent
Amino acid position	HLA-DQB1	HLA-DQβ1	90	AA_DQB1_90_32740567_x	32632589	deletion present	deletion absent
Amino acid position	HLA-DQB1	HLA-DQβ1	89	AA_DQB1_89_32740570_G	32632592	Gly present	Gly absent
Amino acid position	HLA-DQB1	HLA-DQβ1	89	AA_DQB1_89_32740570_T	32632592	Thr present	Thr absent
Amino acid position	HLA-DQB1	HLA-DQβ1	89	AA_DQB1_89_32740570_x	32632592	deletion present	deletion absent
Amino acid position	HLA-DQB1	HLA-DQβ1	87	AA_DQB1_87_32740576_F	32632598	Phe present	Phe absent
Amino acid position	HLA-DQB1	HLA-DQβ1	87	AA_DQB1_87_32740576_L	32632598	Leu present	Leu absent
Amino acid position	HLA-DQB1	HLA-DQβ1	87	AA_DQB1_87_32740576_LF	32632598	Leu/Phe present	Leu/Phe absent
Amino acid position	HLA-DQB1	HLA-DQβ1	87	AA_DQB1_87_32740576_LY	32632598	Leu/Tyr present	Leu/Tyr absent
Amino acid position	HLA-DQB1	HLA-DQβ1	87	AA_DQB1_87_32740576_Lx	32632598	Leu/deletion present	Leu/deletion absent
Amino acid position	HLA-DQB1	HLA-DQβ1	87	AA_DQB1_87_32740576_Y	32632598	Tyr present	Tyr absent
Amino acid position	HLA-DQB1	HLA-DQβ1	87	AA_DQB1_87_32740576_x	32632598	deletion present	deletion absent
Amino acid position	HLA-DQB1	HLA-DQβ1	86	AA_DQB1_86_32740579_A	32632601	Ala present	Ala absent
Amino acid position	HLA-DQB1	HLA-DQβ1	86	AA_DQB1_86_32740579_E	32632601	Glu present	Glu absent
Amino acid position	HLA-DQB1	HLA-DQβ1	86	AA_DQB1_86_32740579_EA	32632601	Glu/Ala present	Glu/Ala absent
Amino acid position	HLA-DQB1	HLA-DQβ1	86	AA_DQB1_86_32740579_EG	32632601	Glu/Gly present	Glu/Gly absent
Amino acid position	HLA-DQB1	HLA-DQβ1	86	AA_DQB1_86_32740579_Ex	32632601	Glu/deletion present	Glu/deletion absent
Amino acid position	HLA-DQB1	HLA-DQβ1	86	AA_DQB1_86_32740579_G	32632601	Gly present	Gly absent
Amino acid position	HLA-DQB1	HLA-DQβ1	86	AA_DQB1_86_32740579_x	32632601	deletion present	deletion absent
Amino acid position	HLA-DQB1	HLA-DQβ1	85	AA_DQB1_85_32740582_L	32632604	Leu present	Leu absent
Amino acid position	HLA-DQB1	HLA-DQβ1	85	AA_DQB1_85_32740582_V	32632604	Val present	Val absent
Amino acid position	HLA-DQB1	HLA-DQβ1	85	AA_DQB1_85_32740582_x	32632604	deletion present	deletion absent
Amino acid position	HLA-DQB1	HLA-DQβ1	84	AA_DQB1_84_32740585_E	32632607	Glu present	Glu absent
Amino acid position	HLA-DQB1	HLA-DQβ1	84	AA_DQB1_84_32740585_Q	32632607	Gln present	Gln absent
Amino acid position	HLA-DQB1	HLA-DQβ1	84	AA_DQB1_84_32740585_x	32632607	deletion present	deletion absent
Amino acid position	HLA-DQB1	HLA-DQβ1	77	AA_DQB1_77_32740606	32632628	Arg	Thr
Amino acid position	HLA-DQB1	HLA-DQβ1	75	AA_DQB1_75_32740612	32632634	Val	Leu
Amino acid position	HLA-DQB1	HLA-DQβ1	74	AA_DQB1_74_32740615_A	32632637	Ala present	Ala absent
Amino acid position	HLA-DQB1	HLA-DQβ1	74	AA_DQB1_74_32740615_E	32632637	Glu present	Glu absent
Amino acid position	HLA-DQB1	HLA-DQβ1	74	AA_DQB1_74_32740615_S	32632637	Ser present	Ser absent
Amino acid position	HLA-DQB1	HLA-DQβ1	71	AA_DQB1_71_32740624_A	32632646	Ala present	Ala absent
Amino acid position	HLA-DQB1	HLA-DQβ1	71	AA_DQB1_71_32740624_D	32632646	Asp present	Asp absent
Amino acid position	HLA-DQB1	HLA-DQβ1	71	AA_DQB1_71_32740624_K	32632646	Lys present	Lys absent
Amino acid position	HLA-DQB1	HLA-DQβ1	71	AA_DQB1_71_32740624_KA	32632646	Lys/Ala present	Lys/Ala absent
Amino acid position	HLA-DQB1	HLA-DQβ1	71	AA_DQB1_71_32740624_KD	32632646	Lys/Asp present	Lys/Asp absent
Amino acid position	HLA-DQB1	HLA-DQβ1	71	AA_DQB1_71_32740624_KT	32632646	Lys/Thr present	Lys/Thr absent
Amino acid position	HLA-DQB1	HLA-DQβ1	71	AA_DQB1_71_32740624_T	32632646	Thr present	Thr absent
Amino acid position	HLA-DQB1	HLA-DQβ1	70	AA_DQB1_70_32740627_E	32632649	Glu present	Glu absent
Amino acid position	HLA-DQB1	HLA-DQβ1	70	AA_DQB1_70_32740627_G	32632649	Gly present	Gly absent
Amino acid position	HLA-DQB1	HLA-DQβ1	70	AA_DQB1_70_32740627_R	32632649	Arg present	Arg absent
Amino acid position	HLA-DQB1	HLA-DQβ1	67	AA_DQB1_67_32740636	32632658	Ile	Val
Amino acid position	HLA-DQB1	HLA-DQβ1	66	AA_DQB1_66_32740639	32632661	Asp	Glu
Amino acid position	HLA-DQB1	HLA-DQβ1	57	AA_DQB1_57_32740666_A	32632688	Ala present	Ala absent
Amino acid position	HLA-DQB1	HLA-DQβ1	57	AA_DQB1_57_32740666_AD	32632688	Ala/Asp present	Ala/Asp absent
Amino acid position	HLA-DQB1	HLA-DQβ1	57	AA_DQB1_57_32740666_AS	32632688	Ala/Ser present	Ala/Ser absent
Amino acid position	HLA-DQB1	HLA-DQβ1	57	AA_DQB1_57_32740666_AV	32632688	Ala/Val present	Ala/Val absent
Amino acid position	HLA-DQB1	HLA-DQβ1	57	AA_DQB1_57_32740666_D	32632688	Asp present	Asp absent
Amino acid position	HLA-DQB1	HLA-DQβ1	57	AA_DQB1_57_32740666_S	32632688	Ser present	Ser absent
Amino acid position	HLA-DQB1	HLA-DQβ1	57	AA_DQB1_57_32740666_V	32632688	Val present	Val absent
Amino acid position	HLA-DQB1	HLA-DQβ1	56	AA_DQB1_56_32740669	32632691	Leu	Pro
Amino acid position	HLA-DQB1	HLA-DQβ1	55	AA_DQB1_55_32740672_L	32632694	Leu present	Leu absent
Amino acid position	HLA-DQB1	HLA-DQβ1	55	AA_DQB1_55_32740672_P	32632694	Pro present	Pro absent
Amino acid position	HLA-DQB1	HLA-DQβ1	55	AA_DQB1_55_32740672_R	32632694	Arg present	Arg absent
Amino acid position	HLA-DQB1	HLA-DQβ1	53	AA_DQB1_53_32740678	32632700	Gln	Leu
Amino acid position	HLA-DQB1	HLA-DQβ1	52	AA_DQB1_52_32740681	32632703	Leu	Pro
Amino acid position	HLA-DQB1	HLA-DQβ1	47	AA_DQB1_47_32740696	32632718	Phe	Tyr
Amino acid position	HLA-DQB1	HLA-DQβ1	46	AA_DQB1_46_32740699	32632721	Glu	Val
Amino acid position	HLA-DQB1	HLA-DQβ1	45	AA_DQB1_45_32740702	32632724	Glu	Gly
Amino acid position	HLA-DQB1	HLA-DQβ1	38	AA_DQB1_38_32740723	32632745	Val	Ala
Amino acid position	HLA-DQB1	HLA-DQβ1	37	AA_DQB1_37_32740726_D	32632748	Asp present	Asp absent
Amino acid position	HLA-DQB1	HLA-DQβ1	37	AA_DQB1_37_32740726_I	32632748	Ile present	Ile absent
Amino acid position	HLA-DQB1	HLA-DQβ1	37	AA_DQB1_37_32740726_Y	32632748	Tyr present	Tyr absent
Amino acid position	HLA-DQB1	HLA-DQβ1	30	AA_DQB1_30_32740747_H	32632769	His present	His absent
Amino acid position	HLA-DQB1	HLA-DQβ1	30	AA_DQB1_30_32740747_S	32632769	Ser present	Ser absent
Amino acid position	HLA-DQB1	HLA-DQβ1	30	AA_DQB1_30_32740747_Y	32632769	Tyr present	Tyr absent
Amino acid position	HLA-DQB1	HLA-DQβ1	28	AA_DQB1_28_32740753	32632775	Ser	Thr
Amino acid position	HLA-DQB1	HLA-DQβ1	26	AA_DQB1_26_32740759_G	32632781	Gly present	Gly absent
Amino acid position	HLA-DQB1	HLA-DQβ1	26	AA_DQB1_26_32740759_L	32632781	Leu present	Leu absent
Amino acid position	HLA-DQB1	HLA-DQβ1	26	AA_DQB1_26_32740759_Y	32632781	Tyr present	Tyr absent
Amino acid position	HLA-DQB1	HLA-DQβ1	23	AA_DQB1_23_32740768	32632790	Leu	Arg
Amino acid position	HLA-DQB1	HLA-DQβ1	14	AA_DQB1_14_32740795_L	32632817	Leu present	Leu absent
Amino acid position	HLA-DQB1	HLA-DQβ1	14	AA_DQB1_14_32740795_M	32632817	Met present	Met absent
Amino acid position	HLA-DQB1	HLA-DQβ1	13	AA_DQB1_13_32740798_A	32632820	Ala present	Ala absent
Amino acid position	HLA-DQB1	HLA-DQβ1	13	AA_DQB1_13_32740798_G	32632820	Gly present	Gly absent
Amino acid position	HLA-DQB1	HLA-DQβ1	9	AA_DQB1_9_32740810_F	32632832	Phe present	Phe absent
Amino acid position	HLA-DQB1	HLA-DQβ1	9	AA_DQB1_9_32740810_L	32632832	Leu present	Leu absent
Amino acid position	HLA-DQB1	HLA-DQβ1	9	AA_DQB1_9_32740810_Y	32632832	Tyr present	Tyr absent
Amino acid position	HLA-DQB1	HLA-DQβ1	9	AA_DQB1_9_32740810_YF	32632832	Tyr/Phe present	Tyr/Phe absent
Amino acid position	HLA-DQB1	HLA-DQβ1	9	AA_DQB1_9_32740810_YL	32632832	Tyr/Leu present	Tyr/Leu absent
Amino acid position	HLA-DQB1	HLA-DQβ1	9	AA_DQB1_9_32740810_Yx	32632832	Tyr/deletion present	Tyr/deletion absent
Amino acid position	HLA-DQB1	HLA-DQβ1	3	AA_DQB1_3_32742259_P	32634281	Pro present	Pro absent
Amino acid position	HLA-DQB1	HLA-DQβ1	3	AA_DQB1_3_32742259_S	32634281	Ser present	Ser absent
Amino acid position	HLA-DQB1	HLA-DQβ1	3	AA_DQB1_3_32742259_x	32634281	deletion present	deletion absent
Amino acid position	HLA-DPA1	HLA-DPα1	228	AA_DPA1_228_33144412_P	33036434	Pro present	Pro absent
Amino acid position	HLA-DPA1	HLA-DPα1	228	AA_DPA1_228_33144412_T	33036434	Thr present	Thr absent
Amino acid position	HLA-DPA1	HLA-DPα1	228	AA_DPA1_228_33144412_x	33036434	deletion present	deletion absent
Amino acid position	HLA-DPA1	HLA-DPα1	190	AA_DPA1_190_33144526_A	33036548	Ala present	Ala absent
Amino acid position	HLA-DPA1	HLA-DPα1	190	AA_DPA1_190_33144526_T	33036548	Thr present	Thr absent
Amino acid position	HLA-DPA1	HLA-DPα1	190	AA_DPA1_190_33144526_x	33036548	deletion present	deletion absent
Amino acid position	HLA-DPA1	HLA-DPα1	160	AA_DPA1_160_33144830_F	33036852	Phe present	Phe absent
Amino acid position	HLA-DPA1	HLA-DPα1	160	AA_DPA1_160_33144830_V	33036852	Val present	Val absent
Amino acid position	HLA-DPA1	HLA-DPα1	160	AA_DPA1_160_33144830_x	33036852	deletion present	deletion absent
Amino acid position	HLA-DPA1	HLA-DPα1	127	AA_DPA1_127_33144929_L	33036951	Leu present	Leu absent
Amino acid position	HLA-DPA1	HLA-DPα1	127	AA_DPA1_127_33144929_P	33036951	Pro present	Pro absent
Amino acid position	HLA-DPA1	HLA-DPα1	127	AA_DPA1_127_33144929_x	33036951	deletion present	deletion absent
Amino acid position	HLA-DPA1	HLA-DPα1	111	AA_DPA1_111_33144977_K	33036999	Lys present	Lys absent
Amino acid position	HLA-DPA1	HLA-DPα1	111	AA_DPA1_111_33144977_R	33036999	Arg present	Arg absent
Amino acid position	HLA-DPA1	HLA-DPα1	111	AA_DPA1_111_33144977_x	33036999	deletion present	deletion absent
Amino acid position	HLA-DPA1	HLA-DPα1	96	AA_DPA1_96_33145022_A	33037044	Ala present	Ala absent
Amino acid position	HLA-DPA1	HLA-DPα1	96	AA_DPA1_96_33145022_P	33037044	Pro present	Pro absent
Amino acid position	HLA-DPA1	HLA-DPα1	96	AA_DPA1_96_33145022_x	33037044	deletion present	deletion absent
Classical HLA allele	HLA-DPA1			HLA_DPA1_0103	33037086	HLA-DPA1*01:03 present	HLA-DPA1*01:03 absent
Classical HLA allele	HLA-DPA1			HLA_DPA1_0104	33037086	HLA-DPA1*01:04 present	HLA-DPA1*01:04 absent
Classical HLA allele	HLA-DPA1			HLA_DPA1_0105	33037086	HLA-DPA1*01:05 present	HLA-DPA1*01:05 absent
Classical HLA allele	HLA-DPA1			HLA_DPA1_0201	33037086	HLA-DPA1*02:01 present	HLA-DPA1*02:01 absent
Classical HLA allele	HLA-DPA1			HLA_DPA1_0202	33037086	HLA-DPA1*02:02 present	HLA-DPA1*02:02 absent
Classical HLA allele	HLA-DPA1			HLA_DPA1_0301	33037086	HLA-DPA1*03:01 present	HLA-DPA1*03:01 absent
Classical HLA allele	HLA-DPA1			HLA_DPA1_0401	33037086	HLA-DPA1*04:01 present	HLA-DPA1*04:01 absent
Amino acid position	HLA-DPA1	HLA-DPα1	83	AA_DPA1_83_33145401	33037423	Ala	Thr
Amino acid position	HLA-DPA1	HLA-DPα1	73	AA_DPA1_73_33145431	33037453	Ala	Leu
Amino acid position	HLA-DPA1	HLA-DPα1	72	AA_DPA1_72_33145434	33037456	Ile	Thr
Amino acid position	HLA-DPA1	HLA-DPα1	66	AA_DPA1_66_33145452	33037474	Ser	Leu
Amino acid position	HLA-DPA1	HLA-DPα1	50	AA_DPA1_50_33145500	33037522	Arg	Gln
Amino acid position	HLA-DPA1	HLA-DPα1	31	AA_DPA1_31_33145557	33037579	Gln	Met
Amino acid position	HLA-DPA1	HLA-DPα1	28	AA_DPA1_28_33145566	33037588	Asp	Glu
Amino acid position	HLA-DPA1	HLA-DPα1	18	AA_DPA1_18_33145596	33037618	Thr	Pro
Amino acid position	HLA-DPA1	HLA-DPα1	11	AA_DPA1_11_33145617	33037639	Met	Ala
Amino acid position	HLA-DPB1	HLA-DPβ1	8	AA_DPB1_8_33156436	33048458	Val	Leu
Amino acid position	HLA-DPB1	HLA-DPβ1	9	AA_DPB1_9_33156439_F	33048461	Phe present	Phe absent
Amino acid position	HLA-DPB1	HLA-DPβ1	9	AA_DPB1_9_33156439_H	33048461	His present	His absent
Amino acid position	HLA-DPB1	HLA-DPβ1	9	AA_DPB1_9_33156439_Y	33048461	Tyr present	Tyr absent
Amino acid position	HLA-DPB1	HLA-DPβ1	11	AA_DPB1_11_33156445	33048467	Leu	Gly
Amino acid position	HLA-DPB1	HLA-DPβ1	33	AA_DPB1_33_33156511	33048533	Gln	Glu
Amino acid position	HLA-DPB1	HLA-DPβ1	35	AA_DPB1_35_33156517_F	33048539	Phe present	Phe absent
Amino acid position	HLA-DPB1	HLA-DPβ1	35	AA_DPB1_35_33156517_L	33048539	Leu present	Leu absent
Amino acid position	HLA-DPB1	HLA-DPβ1	35	AA_DPB1_35_33156517_Y	33048539	Tyr present	Tyr absent
Amino acid position	HLA-DPB1	HLA-DPβ1	36	AA_DPB1_36_33156520	33048542	Val	Ala
Amino acid position	HLA-DPB1	HLA-DPβ1	55	AA_DPB1_55_33156577_A	33048599	Ala present	Ala absent
Amino acid position	HLA-DPB1	HLA-DPβ1	55	AA_DPB1_55_33156577_D	33048599	Asp present	Asp absent
Amino acid position	HLA-DPB1	HLA-DPβ1	55	AA_DPB1_55_33156577_E	33048599	Glu present	Glu absent
Amino acid position	HLA-DPB1	HLA-DPβ1	56	AA_DPB1_56_33156580	33048602	Glu	Ala
Amino acid position	HLA-DPB1	HLA-DPβ1	57	AA_DPB1_57_33156583	33048605	Asp	Glu
Amino acid position	HLA-DPB1	HLA-DPβ1	65	AA_DPB1_65_33156607	33048629	Leu	Ile
Amino acid position	HLA-DPB1	HLA-DPβ1	69	AA_DPB1_69_33156619_E	33048641	Glu present	Glu absent
Amino acid position	HLA-DPB1	HLA-DPβ1	69	AA_DPB1_69_33156619_K	33048641	Lys present	Lys absent
Amino acid position	HLA-DPB1	HLA-DPβ1	69	AA_DPB1_69_33156619_R	33048641	Arg present	Arg absent
Amino acid position	HLA-DPB1	HLA-DPβ1	72	AA_DPB1_72_33156628	33048650	Leu	Val
Amino acid position	HLA-DPB1	HLA-DPβ1	76	AA_DPB1_76_33156640_I	33048662	Ile present	Ile absent
Amino acid position	HLA-DPB1	HLA-DPβ1	76	AA_DPB1_76_33156640_M	33048662	Met present	Met absent
Amino acid position	HLA-DPB1	HLA-DPβ1	76	AA_DPB1_76_33156640_V	33048662	Val present	Val absent
Amino acid position	HLA-DPB1	HLA-DPβ1	84	AA_DPB1_84_33156664_D	33048686	Asp present	Asp absent
Amino acid position	HLA-DPB1	HLA-DPβ1	84	AA_DPB1_84_33156664_G	33048686	Gly present	Gly absent
Amino acid position	HLA-DPB1	HLA-DPβ1	84	AA_DPB1_84_33156664_V	33048686	Val present	Val absent
Amino acid position	HLA-DPB1	HLA-DPβ1	85	AA_DPB1_85_33156667	33048689	Glu	Gly
Amino acid position	HLA-DPB1	HLA-DPβ1	86	AA_DPB1_86_33156670	33048692	Pro	Ala
Amino acid position	HLA-DPB1	HLA-DPβ1	87	AA_DPB1_87_33156673	33048695	Val	Met
Amino acid position	HLA-DPB1	HLA-DPβ1	91	AA_DPB1_91_33156685_H	33048707	His present	His absent
Amino acid position	HLA-DPB1	HLA-DPβ1	91	AA_DPB1_91_33156685_R	33048707	Arg present	Arg absent
Amino acid position	HLA-DPB1	HLA-DPβ1	91	AA_DPB1_91_33156685_x	33048707	deletion present	deletion absent
Classical HLA allele	HLA-DPB1			HLA_DPB1_0101	33049368	HLA-DPB1*01:01 present	HLA-DPB1*01:01 absent
Classical HLA allele	HLA-DPB1			HLA_DPB1_0201	33049368	HLA-DPB1*02:01 present	HLA-DPB1*02:01 absent
Classical HLA allele	HLA-DPB1			HLA_DPB1_0202	33049368	HLA-DPB1*02:02 present	HLA-DPB1*02:02 absent
Classical HLA allele	HLA-DPB1			HLA_DPB1_0301	33049368	HLA-DPB1*03:01 present	HLA-DPB1*03:01 absent
Classical HLA allele	HLA-DPB1			HLA_DPB1_0401	33049368	HLA-DPB1*04:01 present	HLA-DPB1*04:01 absent
Classical HLA allele	HLA-DPB1			HLA_DPB1_0402	33049368	HLA-DPB1*04:02 present	HLA-DPB1*04:02 absent
Classical HLA allele	HLA-DPB1			HLA_DPB1_0501	33049368	HLA-DPB1*05:01 present	HLA-DPB1*05:01 absent
Classical HLA allele	HLA-DPB1			HLA_DPB1_0601	33049368	HLA-DPB1*06:01 present	HLA-DPB1*06:01 absent
Classical HLA allele	HLA-DPB1			HLA_DPB1_0901	33049368	HLA-DPB1*09:01 present	HLA-DPB1*09:01 absent
Classical HLA allele	HLA-DPB1			HLA_DPB1_1001	33049368	HLA-DPB1*10:01 present	HLA-DPB1*10:01 absent
Classical HLA allele	HLA-DPB1			HLA_DPB1_1101	33049368	HLA-DPB1*11:01 present	HLA-DPB1*11:01 absent
Classical HLA allele	HLA-DPB1			HLA_DPB1_1301	33049368	HLA-DPB1*13:01 present	HLA-DPB1*13:01 absent
Classical HLA allele	HLA-DPB1			HLA_DPB1_1401	33049368	HLA-DPB1*14:01 present	HLA-DPB1*14:01 absent
Classical HLA allele	HLA-DPB1			HLA_DPB1_1501	33049368	HLA-DPB1*15:01 present	HLA-DPB1*15:01 absent
Classical HLA allele	HLA-DPB1			HLA_DPB1_1601	33049368	HLA-DPB1*16:01 present	HLA-DPB1*16:01 absent
Classical HLA allele	HLA-DPB1			HLA_DPB1_1701	33049368	HLA-DPB1*17:01 present	HLA-DPB1*17:01 absent
Classical HLA allele	HLA-DPB1			HLA_DPB1_1801	33049368	HLA-DPB1*18:01 present	HLA-DPB1*18:01 absent
Classical HLA allele	HLA-DPB1			HLA_DPB1_1901	33049368	HLA-DPB1*19:01 present	HLA-DPB1*19:01 absent
Classical HLA allele	HLA-DPB1			HLA_DPB1_2001	33049368	HLA-DPB1*20:01 present	HLA-DPB1*20:01 absent
Classical HLA allele	HLA-DPB1			HLA_DPB1_2101	33049368	HLA-DPB1*21:01 present	HLA-DPB1*21:01 absent
Classical HLA allele	HLA-DPB1			HLA_DPB1_2201	33049368	HLA-DPB1*22:01 present	HLA-DPB1*22:01 absent
Classical HLA allele	HLA-DPB1			HLA_DPB1_2301	33049368	HLA-DPB1*23:01 present	HLA-DPB1*23:01 absent
Classical HLA allele	HLA-DPB1			HLA_DPB1_2601	33049368	HLA-DPB1*26:01 present	HLA-DPB1*26:01 absent
Classical HLA allele	HLA-DPB1			HLA_DPB1_2801	33049368	HLA-DPB1*28:01 present	HLA-DPB1*28:01 absent
Classical HLA allele	HLA-DPB1			HLA_DPB1_3001	33049368	HLA-DPB1*30:01 present	HLA-DPB1*30:01 absent
Classical HLA allele	HLA-DPB1			HLA_DPB1_3101	33049368	HLA-DPB1*31:01 present	HLA-DPB1*31:01 absent
Classical HLA allele	HLA-DPB1			HLA_DPB1_3301	33049368	HLA-DPB1*33:01 present	HLA-DPB1*33:01 absent
Classical HLA allele	HLA-DPB1			HLA_DPB1_3401	33049368	HLA-DPB1*34:01 present	HLA-DPB1*34:01 absent
Classical HLA allele	HLA-DPB1			HLA_DPB1_3501	33049368	HLA-DPB1*35:01 present	HLA-DPB1*35:01 absent
Classical HLA allele	HLA-DPB1			HLA_DPB1_4001	33049368	HLA-DPB1*40:01 present	HLA-DPB1*40:01 absent
Classical HLA allele	HLA-DPB1			HLA_DPB1_4501	33049368	HLA-DPB1*45:01 present	HLA-DPB1*45:01 absent
Classical HLA allele	HLA-DPB1			HLA_DPB1_4801	33049368	HLA-DPB1*48:01 present	HLA-DPB1*48:01 absent
Classical HLA allele	HLA-DPB1			HLA_DPB1_8101	33049368	HLA-DPB1*81:01 present	HLA-DPB1*81:01 absent
Classical HLA allele	HLA-DPB1			HLA_DPB1_8501	33049368	HLA-DPB1*85:01 present	HLA-DPB1*85:01 absent
Amino acid position	HLA-DPB1	HLA-DPβ1	96	AA_DPB1_96_33160714_K	33052736	Lys present	Lys absent
Amino acid position	HLA-DPB1	HLA-DPβ1	96	AA_DPB1_96_33160714_R	33052736	Arg present	Arg absent
Amino acid position	HLA-DPB1	HLA-DPβ1	96	AA_DPB1_96_33160714_x	33052736	deletion present	deletion absent
Amino acid position	HLA-DPB1	HLA-DPβ1	170	AA_DPB1_170_33160936_I	33052958	Ile present	Ile absent
Amino acid position	HLA-DPB1	HLA-DPβ1	170	AA_DPB1_170_33160936_T	33052958	Thr present	Thr absent
Amino acid position	HLA-DPB1	HLA-DPβ1	170	AA_DPB1_170_33160936_x	33052958	deletion present	deletion absent
Amino acid position	HLA-DPB1	HLA-DPβ1	178	AA_DPB1_178_33160960_L	33052982	Leu present	Leu absent
Amino acid position	HLA-DPB1	HLA-DPβ1	178	AA_DPB1_178_33160960_M	33052982	Met present	Met absent
Amino acid position	HLA-DPB1	HLA-DPβ1	178	AA_DPB1_178_33160960_x	33052982	deletion present	deletion absent
Amino acid position	HLA-DPB1	HLA-DPβ1	194	AA_DPB1_194_33161555_Q	33053577	Gln present	Gln absent
Amino acid position	HLA-DPB1	HLA-DPβ1	194	AA_DPB1_194_33161555_R	33053577	Arg present	Arg absent
Amino acid position	HLA-DPB1	HLA-DPβ1	194	AA_DPB1_194_33161555_x	33053577	deletion present	deletion absent
Amino acid position	HLA-DPB1	HLA-DPβ1	205	AA_DPB1_205_33161588_M	33053610	Met present	Met absent
Amino acid position	HLA-DPB1	HLA-DPβ1	205	AA_DPB1_205_33161588_V	33053610	Val present	Val absent
Amino acid position	HLA-DPB1	HLA-DPβ1	205	AA_DPB1_205_33161588_x	33053610	deletion present	deletion absent
Amino acid position	HLA-DPB1	HLA-DPβ1	215	AA_DPB1_215_33161618_I	33053640	Ile present	Ile absent
Amino acid position	HLA-DPB1	HLA-DPβ1	215	AA_DPB1_215_33161618_T	33053640	Thr present	Thr absent
Amino acid position	HLA-DPB1	HLA-DPβ1	215	AA_DPB1_215_33161618_x	33053640	deletion present	deletion absent
